,Date,Order_Demand_Whse_A,Order_Demand_Whse_C,Order_Demand_Whse_J,Order_Demand_Whse_S
3,20120104,69163.0,204000.0,120.0,1022578.0
4,20120105,38834.0,298318.0,4701940.0,3902682.0
5,20120106,103827.0,165446.0,3832145.0,289317.0
6,20120108,6940.0,243237.5,1916172.5,980209.0
7,20120109,81954.0,321029.0,200.0,1039508.0
8,20120110,152952.0,349916.0,4316161.0,219259.0
9,20120111,65220.0,483582.0,2669746.0,103227.0
10,20120112,91639.0,166055.0,2614256.0,125818.0
11,20120113,60496.0,148058.0,3301573.0,188922.0
12,20120115,48.0,234773.0,3060983.5,64202.0
13,20120116,122350.0,321488.0,2820394.0,1502116.0
14,20120117,88383.0,18122.0,3147800.0,209436.0
15,20120118,118094.0,458000.0,1846948.0,288796.0
16,20120119,99633.0,119636.0,1994417.0,690736.0
17,20120120,100391.0,222512.0,2138789.0,101997.0
18,20120121,56976.0,228203.1,200.0,174007.0
19,20120122,13561.0,233894.2,1051586.0,246017.0
20,20120123,107175.0,239585.3,2102972.0,318027.0
21,20120124,54692.0,245276.4,2416188.0,76203.0
22,20120125,61367.0,250967.5,2806416.0,104525.0
23,20120126,11000.0,256658.6,2743763.0,76954.0
24,20120127,32900.0,262349.7,1721184.0,521050.0
25,20120128,31627.5,268040.8,1816138.3333333333,6200.0
26,20120129,30355.0,273731.9,1911092.6666666667,203728.0
27,20120130,98782.0,279423.0,2006047.0,2319013.0
28,20120131,157419.0,424942.0,4352922.0,369115.0
29,20120201,79714.0,378500.0,2933738.0,289710.0
30,20120202,69909.0,897005.0,3245142.0,994734.0
31,20120203,56807.0,560573.0,2477476.0,58596.0
32,20120205,19224.0,2038291.0,2517440.0,270887.0
33,20120206,202600.0,3516009.0,2557404.0,2004819.0
34,20120207,126336.0,311689.0,3087476.0,1231802.0
35,20120208,158293.0,15774.0,2311729.0,109337.0
36,20120209,182454.0,805728.0,4134083.0,719567.0
37,20120210,36546.0,164002.0,2890193.0,70589.0
38,20120211,1000.0,163719.0,2718598.3333333335,306226.0
39,20120212,35862.0,163436.0,2547003.6666666665,541863.0
40,20120213,69754.0,163153.0,2375409.0,2200156.0
41,20120214,204477.0,163339.0,1772933.0,275065.0
42,20120215,67010.0,469829.0,2366925.0,602876.0
43,20120216,64094.0,48985.0,3757876.0,395198.0
44,20120217,16767.0,325168.0,2460788.0,99583.0
45,20120218,93039.0,439550.0,2540229.6666666665,1700.0
46,20120219,169311.0,553932.0,2619671.3333333335,1271931.0
47,20120220,245583.0,668314.0,2699113.0,1785686.0
48,20120221,94122.0,304234.0,2992057.0,236944.0
49,20120222,181999.0,803636.0,2063133.0,298713.0
50,20120223,162484.0,458389.0,3183028.0,214122.0
51,20120224,60107.0,96252.0,1543769.0,33684.0
52,20120225,48899.0,213273.6666666667,2208637.3333333335,30000.0
53,20120226,37691.0,330295.3333333334,2873505.666666667,781115.0
54,20120227,121467.0,447317.0,3538374.0,1281954.0
55,20120228,120082.0,174000.0,2060752.0,111015.0
56,20120229,137653.0,195104.0,2662325.0,407376.0
57,20120301,10612.0,280791.0,3384473.0,4207035.0
58,20120302,99167.0,297985.0,2978206.0,313688.0
59,20120304,28987.0,1460937.5,3089949.5,1680144.0
60,20120305,119368.0,2623890.0,3201693.0,1354542.0
61,20120306,170108.0,153584.0,2854047.0,956444.0
62,20120307,66285.0,112859.0,1701549.0,192248.0
63,20120308,203548.0,173236.0,3979908.0,209071.0
64,20120309,51969.0,184851.0,2476506.0,635781.0
65,20120311,48851.0,253420.5,2213665.5,1236071.0
66,20120312,94691.0,321990.0,1950825.0,1019237.0
67,20120313,80054.0,877396.0,2193233.0,83120.0
68,20120314,65760.0,13898.0,2624528.0,311537.0
69,20120315,59795.0,541860.0,2125504.0,219691.0
70,20120316,92509.0,151827.0,2220345.0,305721.0
71,20120317,6002.0,196720.0,2195578.6666666665,298243.5
72,20120318,88594.0,241613.0,2170812.3333333335,290766.0
73,20120319,63095.0,286506.0,2146046.0,1448605.0
74,20120320,209734.0,232442.0,100.0,315978.0
75,20120321,117161.0,667500.0,2315117.0,203592.0
76,20120322,146260.0,122296.0,2539040.0,263789.0
77,20120323,41380.0,216731.0,2280590.0,111151.0
78,20120325,7700.0,380463.5,2760622.5,112101.0
79,20120326,197316.0,544196.0,3240655.0,1323315.0
80,20120327,59501.0,333747.0,2760841.0,648055.0
81,20120328,46756.0,1493441.0,1476058.0,174883.0
82,20120329,62398.0,835905.0,1910000.0,50686.0
83,20120330,124827.0,829016.0,4566416.0,207996.0
84,20120331,63347.0,1000.0,2648805.0,2910.0
85,20120401,1867.0,8000.0,731194.0,415000.0
86,20120402,66340.0,27150.0,3420648.0,1230221.0
87,20120403,45986.0,121964.66666666667,2718400.0,647161.0
88,20120404,118618.0,216779.33333333334,1909945.0,603324.0
89,20120405,118330.0,311594.0,1953983.0,1621459.0
90,20120406,100.0,1193781.0,2538022.0,454077.0
91,20120408,7004.0,868157.5,458754.0,115762.0
92,20120409,13908.0,542534.0,2235106.0,1118024.0
93,20120410,146207.0,88135.0,1928084.0,1213189.0
94,20120411,139971.0,158431.0,1548082.0,480577.0
95,20120412,108776.0,305136.0,2390264.0,356752.0
96,20120413,87049.0,112230.0,1567826.0,364495.0
97,20120414,6.0,56135.0,958288.0,31402.0
98,20120415,7337.0,40.0,348750.0,473831.0
99,20120416,114255.0,495753.0,2607564.0,1696556.0
100,20120417,72066.0,611200.0,2438235.0,1083354.0
101,20120418,141110.0,782092.0,1818023.0,178887.0
102,20120419,59222.0,139005.0,2592178.0,290281.0
103,20120420,103315.0,125496.0,2194248.0,308806.0
104,20120421,60318.0,368448.6666666666,1287828.5,280400.0
105,20120422,17321.0,611401.3333333333,381409.0,80000.0
106,20120423,198028.0,854354.0,2528591.0,210559.0
107,20120424,105873.0,262564.0,3981637.0,1412269.0
108,20120425,24120.0,302147.0,2583899.0,279367.0
109,20120426,79516.0,346785.0,2728025.0,125931.0
110,20120427,97157.0,355973.0,2256274.0,421152.0
111,20120429,26087.0,247315.3333333333,1163387.5,133968.0
112,20120430,88826.0,138657.66666666666,70501.0,153816.0
113,20120501,201306.0,30000.0,2644516.0,1349554.0
114,20120502,95429.0,154086.0,2989688.0,688951.0
115,20120503,117890.0,16093.0,1494939.0,736568.0
116,20120504,71448.0,650149.0,190.0,450761.0
117,20120505,87114.66666666667,539395.0,22070.5,96640.0
118,20120506,102781.33333333333,428641.0,43951.0,79816.0
119,20120507,118448.0,317887.0,2353277.0,211222.0
120,20120508,156625.0,550687.0,2066042.0,1848456.0
121,20120509,106711.0,589321.0,2285616.0,461326.0
122,20120510,68816.0,742228.0,2925565.0,5541983.0
123,20120511,44019.0,243232.0,2237895.0,392072.0
124,20120513,19997.0,317362.0,206347.0,59090.0
125,20120514,159639.0,391492.0,2801941.0,798783.0
126,20120515,100332.0,613127.0,2215489.0,1979362.0
127,20120516,108316.0,68130.0,2183542.0,434282.0
128,20120517,85596.0,93823.0,2839044.0,907547.0
129,20120518,119913.0,253408.0,2018072.0,440910.0
130,20120520,59048.0,185499.5,5203.0,288886.0
131,20120521,107957.0,117591.0,2928444.0,906675.0
132,20120522,112685.0,511754.0,2334941.0,1814631.0
133,20120523,118016.0,1108811.0,2140407.0,440833.0
134,20120524,121692.0,414815.0,2898936.0,367137.0
135,20120525,37216.0,371611.0,1931833.0,649592.0
136,20120526,68668.0,351254.6666666667,974471.5,25130.0
137,20120527,100120.0,330898.3333333333,17110.0,23181.0
138,20120528,131572.0,310542.0,2220358.0,1358058.0
139,20120529,97366.0,203919.0,2652669.0,848067.0
140,20120530,226582.0,119518.0,1598755.0,587279.0
141,20120531,136539.0,330883.0,2802700.0,190463.0
142,20120601,123203.0,381831.0,3630011.0,922903.0
143,20120603,9848.0,367477.0,35003.0,115293.0
144,20120604,147777.0,353123.0,1867696.0,953381.0
145,20120605,299772.0,305875.0,2842566.0,1381092.0
146,20120606,104162.0,567388.0,2478590.0,504774.0
147,20120607,149933.0,633006.0,2437156.0,841020.0
148,20120608,130232.0,263276.0,2436310.0,36794.0
149,20120610,86003.5,402331.0,53686.0,76127.0
150,20120611,41775.0,541386.0,2473737.0,5636863.0
151,20120612,149333.0,229500.0,2285356.0,808385.0
152,20120613,178422.0,162734.0,1919735.0,466602.0
153,20120614,56606.0,489593.0,2553530.0,495620.0
154,20120615,62083.0,79002.0,2284433.0,310186.0
155,20120616,36910.5,181839.6666666667,1142516.5,135.0
156,20120617,11738.0,284677.3333333334,600.0,250590.0
157,20120618,40286.0,387515.0,1896148.0,803179.0
158,20120619,96800.0,295151.0,3080717.0,1185697.0
159,20120620,117624.0,920831.0,3415230.0,268019.0
160,20120621,174622.0,342753.0,2901623.0,395225.0
161,20120622,152272.0,423857.0,2403354.0,124389.0
162,20120623,130002.66666666667,501571.3333333333,1581.0,18090.0
163,20120624,107733.33333333334,579285.6666666666,5000.0,7875.0
164,20120625,85464.0,657000.0,2099660.0,999513.0
165,20120626,183453.0,562633.0,2238786.0,1195010.0
166,20120627,76743.0,508979.0,1683663.0,384359.0
167,20120628,102321.0,156338.0,2372441.0,156998.0
168,20120629,93824.0,423966.0,3831740.0,680178.0
169,20120630,1000.0,320742.6666666667,1928485.0,345036.5
170,20120701,7201.0,217519.33333333334,25230.0,9895.0
171,20120702,112362.0,114296.0,2828141.0,844102.0
172,20120703,121594.0,235701.0,2176706.0,1541582.0
173,20120704,109417.0,1661960.0,3315173.0,2656989.0
174,20120705,114904.0,530686.0,5481546.0,678668.0
175,20120706,279977.0,195875.0,2154759.0,431772.0
176,20120708,5000.0,851028.5,2005234.0,79045.0
177,20120709,87405.0,1506182.0,1855709.0,548845.0
178,20120710,98449.0,381293.0,1888487.0,1297069.0
179,20120711,127778.0,247680.0,2420018.0,339067.0
180,20120712,126197.0,231342.0,2084655.0,1397671.0
181,20120713,122019.0,495824.0,2137145.0,511935.0
182,20120715,3500.0,897209.0,1000.0,5110.0
183,20120716,43664.0,1298594.0,35500.0,568807.0
184,20120717,130967.0,793956.0,2288952.0,1314205.0
185,20120718,87066.0,197657.0,2668824.0,820532.0
186,20120719,160097.0,97530.0,2339545.0,198970.0
187,20120720,67982.0,298074.0,2065150.0,363006.0
188,20120722,131933.5,234968.5,5410.0,315000.0
189,20120723,195885.0,171863.0,2924628.0,2698572.0
190,20120724,189786.0,288266.0,2654445.0,1950281.0
191,20120725,99555.0,66211.0,2014215.0,286195.0
192,20120726,80896.0,411129.0,1989273.0,287361.0
193,20120727,56682.0,305105.0,2086652.0,829201.0
194,20120728,32116.0,581726.3333333333,2.0,88989.0
195,20120729,7550.0,858347.6666666666,270.0,554.0
196,20120730,60383.0,1134969.0,1622258.0,687026.0
197,20120731,142161.0,151138.0,2714570.0,1089047.0
198,20120801,88780.0,492296.0,4066410.0,420533.0
199,20120802,194263.0,372053.0,2170847.0,385694.0
200,20120803,189047.0,644050.0,2922746.0,395974.0
201,20120804,165298.5,614119.6666666666,1461623.0,20080.0
202,20120805,141550.0,584189.3333333334,500.0,79278.0
203,20120806,109798.0,554259.0,2983531.0,1122591.0
204,20120807,126375.0,143270.0,2197449.0,2460148.0
205,20120808,141463.0,233636.0,2263522.0,447674.0
206,20120809,138485.0,430847.0,2676404.0,142442.0
207,20120810,75275.0,414224.3333333333,691567.0,189689.0
208,20120812,65450.0,397601.6666666667,371374.0,91606.0
209,20120813,55625.0,380979.0,51181.0,957447.0
210,20120814,130349.0,296746.0,228383.0,1210059.0
211,20120815,116981.0,332388.0,671806.0,233989.0
212,20120816,67083.0,403297.0,1182539.0,139670.0
213,20120817,123378.0,104514.0,1133960.0,445246.0
214,20120819,150.0,1004323.0,1340.0,3134.0
215,20120820,58720.0,1904132.0,3172903.0,912574.0
216,20120821,148959.0,229594.0,2422848.0,1188796.0
217,20120822,86997.0,466605.0,2396173.0,287975.0
218,20120823,100285.0,386575.0,2460560.0,367000.0
219,20120824,72674.0,128164.0,2292906.0,483315.0
220,20120825,93110.0,103453.0,1003.0,220000.0
221,20120826,113546.0,78742.0,127271.0,556686.0
222,20120827,133982.0,54031.0,2536539.0,893372.0
223,20120828,79544.0,165530.0,2284125.0,1009114.0
224,20120829,94482.0,388528.0,2595610.0,219283.0
225,20120830,90033.0,1052276.0,1151523.0,660435.0
226,20120831,76081.0,346429.0,2727828.0,454091.0
227,20120902,140420.0,363659.0,21327.0,17355.0
228,20120903,84354.0,380889.0,4278949.0,871521.0
229,20120904,176654.0,66000.0,2103298.0,480672.0
230,20120905,72597.0,187542.0,1913279.0,1010639.0
231,20120906,132840.0,43762.0,2722632.0,283300.0
232,20120907,106983.0,71373.0,2849909.0,587895.0
233,20120909,4000.0,297691.5,10000.0,111877.0
234,20120910,93279.0,524010.0,1814484.0,1176918.0
235,20120911,138344.0,101299.0,1711723.0,1869862.0
236,20120912,48657.0,115272.0,2683601.0,182587.0
237,20120913,59078.0,443749.0,3303110.0,300785.0
238,20120914,41657.0,361019.0,1841142.0,751463.0
239,20120916,20666.0,349475.0,1045683.5,69006.0
240,20120917,150133.0,337931.0,250225.0,631519.0
241,20120918,173638.0,125718.0,2449260.0,652911.0
242,20120919,110977.0,194685.0,2097110.0,169688.0
243,20120920,43468.0,238391.0,1820167.0,507504.0
244,20120921,150423.0,56135.0,2353964.0,82860.0
245,20120923,46.0,239368.5,3907.0,23745.0
246,20120924,56049.0,422602.0,2033339.0,587730.0
247,20120925,142127.0,685770.0,2081774.0,594408.0
248,20120926,127192.0,14309.0,1768575.0,197636.0
249,20120927,119237.0,87804.0,1342979.0,447077.0
250,20120928,36883.0,275611.0,2456131.0,50139.0
251,20120930,2820.0,236952.2857142857,210000.0,1954.0
252,20121001,53139.0,198293.57142857142,3814800.0,1569542.0
253,20121002,224915.0,159634.85714285716,3323248.0,964534.0
254,20121003,52699.0,120976.14285714287,2209830.0,370264.0
255,20121004,72487.0,82317.42857142858,2716863.0,751238.0
256,20121005,171997.0,43658.71428571432,3565668.0,466706.0
257,20121007,142497.5,5000.0,1796084.0,59434.0
258,20121008,112998.0,478818.0,26500.0,1015400.0
259,20121009,124297.0,1000529.0,2590736.0,3600635.0
260,20121010,66354.0,503544.0,1628325.0,169619.0
261,20121011,82115.0,199053.0,2611357.0,266554.0
262,20121012,200299.0,27210.0,2955752.0,340820.0
263,20121014,3640.0,51000.0,3164640.5,5795.0
264,20121015,114095.0,483614.0,3373529.0,1154535.0
265,20121016,140679.0,996792.0,2111659.0,1160378.0
266,20121017,114106.0,14000.0,1867987.0,685152.0
267,20121018,113263.0,200550.0,1434605.0,410728.0
268,20121019,60487.0,123469.0,2891794.0,351262.0
269,20121021,2.0,437997.5,2587407.5,25044.0
270,20121022,20387.0,752526.0,2283021.0,808556.0
271,20121023,106910.0,749371.0,2250177.0,1046220.0
272,20121024,153249.0,129500.0,2043901.0,195158.0
273,20121025,127225.0,156318.0,1774185.0,779641.0
274,20121026,66043.0,102134.0,2341944.0,137650.0
275,20121027,200.0,108067.0,1170973.0,503378.5
276,20121028,111707.0,114000.0,2.0,869107.0
277,20121029,41336.0,257022.0,1628476.0,1275466.0
278,20121030,174322.0,230652.0,2202543.0,753537.0
279,20121031,113676.0,120031.0,2505196.0,188842.0
280,20121101,227588.0,149186.0,4509083.0,272721.0
281,20121102,155706.0,10452.0,2131931.0,559472.0
282,20121103,15180.0,20301.0,1124503.0,849657.5
283,20121104,13450.0,30150.0,117075.0,1139843.0
284,20121105,50535.0,62256.0,2422260.0,709507.0
285,20121106,138199.0,253430.0,1986560.0,1213234.0
286,20121107,110639.0,437729.0,2771679.0,697517.0
287,20121108,123561.0,475485.0,2116369.0,459959.0
288,20121109,44358.0,239713.0,2517972.0,1221180.0
289,20121110,200.0,119874.5,1258994.0,600.0
290,20121111,17350.0,36.0,16.0,790762.0
291,20121112,125803.0,767292.0,2125610.0,485427.0
292,20121113,131007.0,460870.0,1999533.0,152067.0
293,20121114,59964.0,246206.0,2323882.0,114459.0
294,20121115,357779.0,215975.0,2343519.0,154156.0
295,20121116,86710.0,155922.0,1853651.0,292413.0
296,20121117,1000.0,132876.0,926853.0,16307.0
297,20121118,21533.0,109830.0,55.0,869671.0
298,20121119,42018.0,86784.0,1603431.0,492624.0
299,20121120,124900.0,682001.0,2357672.0,997495.0
300,20121121,57657.0,127693.0,3026954.0,199734.0
301,20121122,125885.0,163593.0,2028816.0,374531.0
302,20121123,165764.0,152249.0,1352544.3333333335,336464.0
303,20121124,206.0,281088.3333333333,676272.6666666667,564943.0
304,20121125,8735.0,409927.6666666666,1.0,793422.0
305,20121126,65943.0,538767.0,5216526.0,289079.0
306,20121127,113140.0,205082.0,2382976.0,1406962.0
307,20121128,119861.0,1267476.0,3158190.0,34096.0
308,20121129,111269.0,134735.0,1344398.0,241356.0
309,20121130,63410.0,234385.0,2803928.0,384725.0
310,20121202,5302.0,150.0,41600.0,1117844.0
311,20121203,125412.0,241503.0,5236474.0,620666.0
312,20121204,132264.0,427822.0,2820574.0,2300074.0
313,20121205,126269.0,309788.0,1640260.0,46233.0
314,20121206,234866.0,312693.0,2112509.0,255052.0
315,20121207,147652.0,29697.0,2704187.0,600602.0
316,20121209,190200.0,183227.5,35.0,90357.0
317,20121210,55230.0,336758.0,2363048.0,498857.0
318,20121211,106250.0,56725.0,3380895.0,2035401.0
319,20121212,50377.0,243723.0,2201959.0,408044.0
320,20121213,102479.0,638089.0,2808742.0,648851.0
321,20121214,130747.0,502989.0,1981913.0,381184.0
322,20121215,66273.5,428807.3333333333,2161545.0,100.0
323,20121216,1800.0,354625.6666666666,2341177.0,176200.0
324,20121217,105193.0,280444.0,2520809.0,982148.0
325,20121218,220016.0,102010.0,2120108.0,345704.0
326,20121219,118225.0,204434.0,2585411.0,138790.0
327,20121220,138395.0,33200.0,2166259.0,91059.0
328,20121221,26438.0,553031.0,2960237.0,346726.0
329,20121222,3000.0,416405.3333333334,2945261.75,173904.0
330,20121223,10852.0,279779.6666666667,2930286.5,1082.0
331,20121224,18704.0,143154.0,2915311.25,1147506.0
332,20121225,21800.0,964043.0,2900336.0,713176.0
333,20121226,788.0,60240.0,3257280.0,494156.0
334,20121227,17654.0,272818.0,1966625.0,825016.0
335,20121228,20783.0,254211.0,107772.0,59037.0
336,20121230,13366.0,413507.0,56136.0,7490.0
337,20121231,5949.0,572803.0,4500.0,839674.0
338,20130101,1215.0,328661.0,584098.7142857143,1626586.0
339,20130102,64573.0,84519.0,1163697.4285714286,3903755.0
340,20130103,102556.0,44259.5,1743296.142857143,209693.0
341,20130104,24659.0,4000.0,2322894.8571428573,303599.0
342,20130105,0.0,599747.6666666666,2902493.571428572,162019.5
343,20130106,39908.0,1195495.3333333333,3482092.285714286,20440.0
344,20130107,70936.0,1791243.0,4061691.0,1191441.0
345,20130108,367972.0,168004.0,3611852.0,1163953.0
346,20130109,99093.0,61905.0,2936947.0,455069.0
347,20130110,63233.0,298261.0,2751901.0,1552219.0
348,20130111,52730.0,214204.0,1901068.0,674129.0
349,20130112,2000.0,221906.66666666666,1268132.0,10050.0
350,20130113,22690.0,229609.33333333334,635196.0,17934.0
351,20130114,74202.0,237312.0,2260.0,1066496.0
352,20130115,119549.0,61053.0,3733361.0,1759262.0
353,20130116,133851.0,205141.0,3680011.0,181637.0
354,20130117,61690.0,980314.0,2432452.0,351938.0
355,20130118,144437.0,283746.0,3108295.0,418942.0
356,20130119,74923.5,339803.3333333333,200.0,314046.0
357,20130120,5410.0,395860.6666666667,1717892.5,209150.0
358,20130121,52850.0,451918.0,3435585.0,1712035.0
359,20130122,260627.0,161462.0,2928339.0,479067.0
360,20130123,64336.0,428418.0,3200804.0,99273.0
361,20130124,146853.0,498546.0,2877800.0,653290.0
362,20130125,140928.0,354782.0,1559204.0,849292.0
363,20130127,73084.0,229889.0,1843163.0,3186.0
364,20130128,5240.0,104996.0,2127122.0,1942674.0
365,20130129,101355.0,197053.0,3108441.0,370957.0
366,20130130,196862.0,291100.0,1711751.0,183215.0
367,20130131,97453.0,9841.0,3869593.0,546016.0
368,20130201,313370.0,257886.0,5345765.0,242953.0
369,20130202,166257.0,379627.0,2820382.5,41010.0
370,20130203,19144.0,501368.0,295000.0,40167.0
371,20130204,63985.0,623109.0,2988154.0,1106312.0
372,20130205,197988.0,504796.0,1830684.0,3138161.0
373,20130206,181443.0,142597.0,2140814.0,214693.0
374,20130207,186773.0,1226150.0,2997980.0,732197.0
375,20130208,194117.0,273623.0,3183480.0,736600.0
376,20130210,4700.0,174911.5,1601065.0,396408.5
377,20130211,57074.0,76200.0,18650.0,56217.0
378,20130212,112983.0,67652.0,2345372.0,395529.0
379,20130213,45435.0,59104.0,3990996.0,149386.0
380,20130214,73863.0,50556.0,1952374.0,886257.0
381,20130215,70634.0,42008.0,2147138.0,598803.0
382,20130216,38122.5,35000.0,2184155.0,323822.5
383,20130217,5611.0,136063.0,2221172.0,48842.0
384,20130218,54877.0,237126.0,2258189.0,893180.0
385,20130219,148938.0,716002.0,2669038.0,465270.0
386,20130220,124487.0,99678.0,1694054.0,188025.0
387,20130221,63323.0,218436.5,2114524.0,223589.0
388,20130222,279624.0,337195.0,4092521.0,683593.0
389,20130223,1020.0,284927.6666666667,3226585.6666666665,364721.5
390,20130224,9591.0,232660.3333333333,2360650.333333333,45850.0
391,20130225,56053.0,180393.0,1494715.0,830451.0
392,20130226,124349.0,338133.0,2985022.0,726044.0
393,20130227,201549.0,16245.0,2862342.0,137701.0
394,20130228,62666.0,122359.0,3780748.0,249254.0
395,20130301,97024.0,643983.0,3502709.0,193300.0
396,20130302,15011.0,573082.3333333334,3447154.3333333335,109160.0
397,20130303,34400.0,502181.6666666666,3391599.6666666665,25020.0
398,20130304,92269.0,431281.0,3336045.0,419798.0
399,20130305,111948.0,155550.0,2581686.0,1598979.0
400,20130306,45049.0,155801.0,1696329.0,258100.0
401,20130307,102443.0,1466400.0,3856165.0,1026333.0
402,20130308,293584.0,167312.0,2971563.0,1088125.0
403,20130309,4000.0,305721.3333333334,2758427.3333333335,545562.5
404,20130310,15.0,444130.6666666667,2545291.6666666665,3000.0
405,20130311,24504.0,582540.0,2332156.0,1058654.0
406,20130312,176008.0,950303.0,2687346.0,487752.0
407,20130313,136119.0,1178023.0,2025232.0,133607.0
408,20130314,81818.0,838999.0,1955914.0,126939.0
409,20130315,50083.0,218803.0,2031541.0,4633193.0
410,20130317,11761.0,258095.0,3.0,285459.0
411,20130318,56853.0,297387.0,1890387.0,303320.0
412,20130319,128427.0,707468.0,2947959.0,1227809.0
413,20130320,206348.0,253435.0,2975269.0,228430.0
414,20130321,101717.0,170193.0,3002579.0,526721.0
415,20130322,98488.0,81611.0,3235506.0,729963.0
416,20130324,12144.0,170541.5,2052.0,26097.0
417,20130325,34861.0,259472.0,2754720.0,550844.0
418,20130326,137512.0,333814.0,3316684.0,1058795.0
419,20130327,73008.0,480827.0,1092886.0,37613.0
420,20130328,59242.0,101126.0,1187768.0,133424.0
421,20130329,14602.0,840934.0,4701665.0,16700.0
422,20130330,5000.0,632501.0,2375832.5,8905.0
423,20130331,4050.0,424068.0,50000.0,1110.0
424,20130401,3100.0,215635.0,5002878.0,993330.0
425,20130402,80983.0,57055.0,3019725.0,874583.0
426,20130403,115734.0,337803.0,3531271.0,374590.0
427,20130404,149235.0,580067.0,1957081.0,961015.0
428,20130405,153911.0,822331.0,3075135.0,930843.0
429,20130406,77982.5,713165.5,0.0,547973.0
430,20130407,2054.0,604000.0,165.0,165103.0
431,20130408,21553.0,85476.0,2111897.0,1343868.0
432,20130409,178965.0,381724.0,2373424.0,593408.0
433,20130410,63383.0,646047.0,1938360.0,700584.0
434,20130411,120715.0,823467.0,1651365.0,674213.0
435,20130412,114555.0,187725.0,2639300.0,211161.0
436,20130414,3005.0,331549.0,2260166.5,608.0
437,20130415,82309.0,475373.0,1881033.0,885966.0
438,20130416,116939.0,854260.0,2795727.0,2083932.0
439,20130417,34659.0,336566.0,2609817.0,538920.0
440,20130418,90969.0,778854.0,1690456.0,309771.0
441,20130419,86425.0,356995.0,2071234.0,508177.0
442,20130421,5200.0,262739.0,30.0,20086.0
443,20130422,97493.0,168483.0,3727319.0,472997.0
444,20130423,95558.0,405266.0,2218933.0,951417.0
445,20130424,101798.0,1065001.0,2430568.0,294159.0
446,20130425,40274.0,99260.0,2129700.0,428978.0
447,20130426,83891.0,345901.0,2164695.0,4265895.0
448,20130427,43843.5,16000.0,0.0,2134073.5
449,20130428,3796.0,199421.0,1068376.6666666667,2252.0
450,20130429,44813.0,382842.0,2136753.3333333335,755283.0
451,20130430,229578.0,500.0,3205130.0,1355612.0
452,20130501,123637.0,5.0,3607961.0,273981.0
453,20130502,231969.0,5.0,1547664.0,470857.0
454,20130503,174120.0,139779.0,1160793.25,793701.0
455,20130504,2000.0,208950.6666666667,773922.5,433490.5
456,20130505,71859.5,278122.3333333334,387051.75,73280.0
457,20130506,141719.0,347294.0,181.0,1615497.0
458,20130507,94683.0,890676.0,3901646.0,855437.0
459,20130508,209767.0,66770.0,2883073.0,47656.0
460,20130509,96372.0,648048.0,2525891.0,561974.0
461,20130510,92405.0,199444.0,2834255.0,484710.0
462,20130511,66217.5,344568.0,2870678.0,200.0
463,20130512,40030.0,489692.0,2907101.0,1857.0
464,20130513,99468.0,634816.0,2943524.0,1338181.0
465,20130514,192013.0,686226.0,2428171.0,1210089.0
466,20130515,97850.0,650275.0,2017122.0,170272.0
467,20130516,52645.0,218891.0,2009864.0,1025714.0
468,20130517,153907.0,385467.0,2091552.0,961014.0
469,20130519,108651.5,295567.0,2505727.5,11132.0
470,20130520,63396.0,205667.0,2919903.0,1058566.0
471,20130521,174074.0,22202.0,3272573.0,694952.0
472,20130522,79914.0,323759.0,2330412.0,176621.0
473,20130523,64930.0,337519.0,2375094.0,539681.0
474,20130524,106938.0,215596.0,2062521.0,170939.0
475,20130526,3088.0,26500.0,2055991.5,25.0
476,20130527,35422.0,1473257.0,2049462.0,1111572.0
477,20130528,153999.0,1057224.0,3942885.0,640902.0
478,20130529,226111.0,213429.0,1890460.0,251695.0
479,20130530,35918.0,375733.0,1684107.0,454461.0
480,20130531,55308.0,314317.0,2814797.0,1373131.0
481,20130602,9600.0,376168.5,200.0,13726.0
482,20130603,65490.0,438020.0,3095997.0,927954.0
483,20130604,104206.0,683998.0,3446988.0,1740773.0
484,20130605,64991.0,910776.0,1563624.0,67140.0
485,20130606,244526.0,531380.0,4400022.0,341249.0
486,20130607,121014.0,125436.0,2154022.0,245006.0
487,20130609,3530.0,5000.0,2480547.5,12809.0
488,20130610,37597.0,539687.0,2807073.0,707471.0
489,20130611,144727.0,361458.0,2147197.0,1218499.0
490,20130612,81445.0,183229.0,2325872.0,383777.0
491,20130613,130190.0,5000.0,2032098.0,724297.0
492,20130614,98133.0,103598.0,1785019.0,4017249.0
493,20130615,5000.0,127950.0,2159693.6666666665,2009696.5
494,20130616,79053.0,152302.0,2534368.3333333335,2144.0
495,20130617,153106.0,176654.0,2909043.0,709017.0
496,20130618,209039.0,381677.0,1534691.0,840544.0
497,20130619,59846.0,218668.0,2746177.0,442290.0
498,20130620,169537.0,145958.0,2409998.0,392610.0
499,20130621,73011.0,114458.0,2319683.0,110939.0
500,20130623,1020.0,304310.5,160.0,143005.0
501,20130624,52358.0,494163.0,2147281.0,1199114.0
502,20130625,127493.0,211820.0,2171704.0,1202644.0
503,20130626,48713.0,221624.0,2100580.0,328770.0
504,20130627,113611.0,82008.0,3206569.0,432516.0
505,20130628,117640.0,688594.0,4257277.0,849931.0
506,20130629,50.0,434297.0,2129243.0,427641.5
507,20130630,200.0,180000.0,1209.0,5352.0
508,20130701,82507.0,318752.0,4437497.0,998864.0
509,20130702,178342.0,174648.0,3063868.0,1188474.0
510,20130703,165856.0,880838.0,1773675.0,153208.0
511,20130704,39873.0,245880.0,2234238.0,478713.0
512,20130705,118817.0,109301.0,1947130.0,510007.0
513,20130707,9120.0,231912.0,0.0,943.0
514,20130708,52230.0,354523.0,2914539.0,1083677.0
515,20130709,144449.0,424301.0,2148676.0,1132864.0
516,20130710,161182.0,130605.0,1820804.0,91211.0
517,20130711,109782.0,174971.0,1873611.0,379508.0
518,20130712,100583.0,293888.0,2335526.0,485683.0
519,20130713,750.0,454584.6666666666,1557017.3333333335,242911.5
520,20130714,3043.0,615281.3333333333,778508.6666666667,140.0
521,20130715,48826.0,775978.0,0.0,881216.0
522,20130716,187230.0,9730.0,2452184.0,2081859.0
523,20130717,87679.0,2099193.0,2246363.0,39378.0
524,20130718,63350.0,35600.0,2667467.0,1106378.0
525,20130719,159013.0,231114.0,2339716.0,682839.0
526,20130720,50.0,307244.0,2659982.3333333335,485635.5
527,20130721,3044.0,383374.0,2980248.6666666665,288432.0
528,20130722,79608.0,459504.0,3300515.0,566485.0
529,20130723,141969.0,102669.0,3255043.0,1373778.0
530,20130724,125201.0,103024.0,2096722.0,229445.0
531,20130725,170518.0,354869.0,4778500.0,623392.0
532,20130726,76335.0,853265.0,2264289.0,756194.0
533,20130728,4101.0,781621.5,0.0,300.0
534,20130729,84936.0,709978.0,2123205.0,272023.0
535,20130730,143011.0,440656.0,3333481.0,619766.0
536,20130731,67581.0,745733.0,2489152.0,910073.0
537,20130801,57027.0,260992.0,4816906.0,566833.0
538,20130802,113495.0,593330.0,3104383.0,1005444.0
539,20130804,24566.0,388357.5,3375342.5,616.0
540,20130805,115857.0,183385.0,3646302.0,1467487.0
541,20130806,165383.0,367020.0,3231318.0,579502.0
542,20130807,202571.0,229678.0,2875930.0,243041.0
543,20130808,38206.0,159647.0,2055727.0,103051.0
544,20130809,188485.0,629738.0,1127271.0,162184.0
545,20130810,1430.0,783404.6666666666,921343.3333333334,80.0
546,20130811,3230.0,937071.3333333333,715415.6666666667,27526.0
547,20130812,58343.0,1090738.0,509488.0,1812313.0
548,20130813,289708.0,582311.0,170458.0,1226192.0
549,20130814,107676.0,907110.0,429622.0,428946.0
550,20130815,90010.0,51795.0,273961.0,688178.0
551,20130816,42361.0,320113.0,2015287.0,242509.0
552,20130818,76122.0,283873.0,2162943.5,1539.0
553,20130819,113375.0,247633.0,2310600.0,496700.0
554,20130820,225118.0,125402.0,2724099.0,3555535.0
555,20130821,48779.0,529325.0,3514349.0,167495.0
556,20130822,49394.0,249795.0,2723044.0,616823.0
557,20130823,78195.0,987089.0,2612698.0,147326.0
558,20130824,2800.0,702051.6666666667,2373324.3333333335,81818.5
559,20130825,637.0,417014.3333333334,2133950.6666666665,16311.0
560,20130826,46589.0,131977.0,1894577.0,1029248.0
561,20130827,51492.0,820147.0,1719069.0,1035630.0
562,20130828,69182.0,331523.0,1771923.0,611023.0
563,20130829,96236.0,47328.0,2908502.0,1199641.0
564,20130830,54259.0,146593.0,3579447.0,331881.0
565,20130831,10.0,348152.6666666666,4311382.666666667,166725.5
566,20130901,52875.0,549712.3333333333,5043318.333333333,1570.0
567,20130902,45463.0,751272.0,5775254.0,951686.0
568,20130903,132262.0,83293.0,2223103.0,2864023.0
569,20130904,121623.0,110134.0,2979095.0,351360.0
570,20130905,130390.0,1822040.0,2727207.0,359249.0
571,20130906,80485.0,1085848.0,1882694.0,123751.0
572,20130908,39827.0,691060.0,430.0,2852.0
573,20130909,223639.0,296272.0,3652708.0,1192267.0
574,20130910,135763.0,147103.0,2304230.0,1351230.0
575,20130911,87446.0,312429.0,2068887.0,388967.0
576,20130912,93308.0,205626.0,2032398.0,960860.0
577,20130913,42295.0,370853.0,1977357.0,521010.0
578,20130915,11914.0,276645.0,2032649.3333333333,20693.0
579,20130916,37925.0,182437.0,2087941.6666666667,1167813.0
580,20130917,137111.0,450327.0,2143234.0,628783.0
581,20130918,76495.0,695500.0,3377250.0,79630.0
582,20130919,182598.0,585439.5,2113266.0,598081.0
583,20130920,65718.0,475379.0,2204328.0,205572.0
584,20130921,500.0,250689.5,2789227.75,4300.0
585,20130922,18190.0,26000.0,3374127.5,2242.0
586,20130923,57448.0,84343.0,3959027.25,1559294.0
587,20130924,131949.0,190652.0,4543927.0,1421918.0
588,20130925,90045.0,125034.0,3131807.0,160846.0
589,20130926,107410.0,613279.0,2427767.0,383670.0
590,20130927,124023.0,776448.0,2021544.0,569975.0
591,20130928,8500.0,407224.0,1011093.5,295063.0
592,20130929,26504.0,38000.0,643.0,20151.0
593,20130930,112727.0,874078.0,4096723.0,1216431.0
594,20131001,131934.0,10.0,5361399.0,469288.0
595,20131002,106555.0,66741.42857142857,2737888.0,358226.0
596,20131003,125008.0,133472.85714285713,2609679.0,853815.0
597,20131004,209671.0,200204.28571428568,3520249.0,377357.0
598,20131005,115.0,266935.71428571426,3116339.6666666665,192659.0
599,20131006,12087.0,333667.14285714284,2712430.3333333335,7961.0
600,20131007,24059.0,400398.57142857136,2308521.0,945583.0
601,20131008,134278.0,467130.0,2662643.0,1313039.0
602,20131009,220542.0,656812.0,4133287.0,172777.0
603,20131010,116570.0,4.0,2722115.0,659112.0
604,20131011,81176.0,3267546.0,5005527.0,382894.0
605,20131012,27.0,1200000.0,3337351.333333333,213147.0
606,20131013,38529.5,1117113.0,1669175.6666666665,43400.0
607,20131014,77032.0,1034226.0,1000.0,1177048.0
608,20131015,125048.0,497362.0,2776992.0,773937.0
609,20131016,81216.0,360503.0,1362855.0,643651.0
610,20131017,51798.0,167017.0,3229994.0,413471.0
611,20131018,45093.0,290175.0,2792060.0,266227.0
612,20131019,14002.0,356590.3333333333,48.0,246556.0
613,20131020,19500.0,423005.6666666666,1423983.5,226885.0
614,20131021,85551.0,489421.0,2847919.0,1432533.0
615,20131022,112451.0,377790.0,3323648.0,988072.0
616,20131023,97162.0,430867.0,2234537.0,172701.0
617,20131024,55991.0,1977460.0,2626529.0,560280.0
618,20131025,63387.0,93042.0,2642337.0,629991.0
619,20131026,0.0,76171.0,1335846.5,702095.5
620,20131027,16153.0,59300.0,29356.0,774200.0
621,20131028,32306.0,813462.0,2243416.0,784598.0
622,20131029,172780.0,476082.0,2644388.0,213061.0
623,20131030,168781.0,269808.0,2466333.0,495722.0
624,20131031,154821.0,449325.0,3864679.0,606158.0
625,20131101,175218.0,508332.0,4854901.0,160102.0
626,20131102,700.0,819086.6666666667,3240950.666666667,463251.0
627,20131103,3623.0,1129841.3333333335,1627000.3333333335,766400.0
628,20131104,41098.0,1440596.0,13050.0,998304.0
629,20131105,59505.0,136713.0,3576786.0,795275.0
630,20131106,87718.0,147047.0,3987383.0,469704.0
631,20131107,87034.0,236549.0,2669953.0,227894.0
632,20131108,93767.0,602046.0,2687791.0,525388.0
633,20131109,4040.0,460634.6666666666,1554575.5,300000.0
634,20131110,33600.0,319223.3333333333,421360.0,650000.0
635,20131111,30717.0,177812.0,6048981.0,804406.0
636,20131112,303211.0,72110.0,2212951.0,901446.0
637,20131113,99263.0,1443256.0,3208017.0,367420.0
638,20131114,156852.0,88948.0,2522298.0,493148.0
639,20131115,84468.0,234852.0,2574893.0,362922.0
640,20131117,1082.0,15.0,217622.0,250048.0
641,20131118,85279.0,437897.0,2387648.0,961112.0
642,20131119,145451.0,578893.0,1624629.0,526418.0
643,20131120,81366.0,274636.0,2543042.0,343267.0
644,20131121,169163.0,2752053.0,4177583.0,797857.0
645,20131122,63371.0,288177.0,2489719.0,168199.0
646,20131123,2000.0,799088.5,1245359.5,5000.0
647,20131124,107.0,1310000.0,1000.0,765193.0
648,20131125,39994.0,451998.0,3167281.0,614506.0
649,20131126,175876.0,412157.0,2145449.0,1200416.0
650,20131127,41730.0,125390.0,1764002.0,376248.0
651,20131128,104393.0,425285.0,2074073.0,370623.0
652,20131129,154561.0,516308.0,3489074.0,4025820.0
653,20131201,101695.5,10000.0,70000.0,700673.0
654,20131202,48830.0,270052.0,4648249.0,884397.0
655,20131203,284954.0,248803.0,2309566.0,1157875.0
656,20131204,125125.0,213430.0,3356629.0,217341.0
657,20131205,68277.0,882899.0,3070217.0,576922.0
658,20131206,51666.0,42373.0,3260718.0,358193.0
659,20131207,6142.0,213510.0,1630709.0,482436.5
660,20131208,10000.0,384647.0,700.0,606680.0
661,20131209,76538.0,555784.0,2209355.0,821669.0
662,20131210,161582.0,133006.0,2933847.0,1081127.0
663,20131211,104309.0,472664.0,2654932.0,235926.0
664,20131212,91081.0,198610.0,3011809.0,225703.0
665,20131213,49330.0,531088.0,2806709.0,138668.0
666,20131214,9100.0,431811.3333333333,1404060.0,424055.5
667,20131215,37235.0,332534.6666666666,1411.0,709443.0
668,20131216,65370.0,233258.0,3315083.0,465239.0
669,20131217,192031.0,70582.0,2907836.0,1722568.0
670,20131218,208506.0,1348895.0,3566084.0,585225.0
671,20131219,96343.0,343935.0,2817253.0,148249.0
672,20131220,41325.0,163887.0,3326283.0,962657.0
673,20131222,64470.0,175871.0,1663291.5,10438.0
674,20131223,59750.0,187855.0,300.0,1157410.0
675,20131224,46343.0,9674.0,3717135.0,997757.0
676,20131225,3000.0,246408.0,2769837.0,68506.0
677,20131226,10001.0,300993.0,4099816.0,270850.0
678,20131227,400.0,794446.0,20025.0,3672934.0
679,20131228,3252.6666666666665,401723.0,31688.88888888889,1000.0
680,20131229,6105.333333333333,9000.0,43352.77777777778,5025.0
681,20131230,8958.0,355727.0,55016.666666666664,812017.0
682,20131231,53769.0,66500.0,66680.55555555556,1115619.0
683,20140101,1710.0,387435.0,78344.44444444444,6030.0
684,20140102,41622.0,708370.0,90008.33333333333,221715.0
685,20140103,30590.0,989476.0,101672.22222222222,390201.0
686,20140104,13000.0,744738.0,113336.11111111111,196581.0
687,20140105,37501.0,500000.0,125000.0,2961.0
688,20140106,54622.0,280182.0,4307548.0,1600718.0
689,20140107,120380.0,249154.0,2690664.0,1897320.0
690,20140108,125860.0,1121557.0,2853778.0,168675.0
691,20140109,124007.0,422955.0,4912870.0,641238.0
692,20140110,65263.0,461920.0,2746194.0,486393.0
693,20140111,71438.33333333333,582402.3333333334,1966096.0,800.0
694,20140112,77613.66666666667,702884.6666666666,1185998.0,98716.0
695,20140113,83789.0,823367.0,405900.0,1005064.0
696,20140114,112174.0,205110.0,3635404.0,1095478.0
697,20140115,150442.0,46774.0,2547708.0,728113.0
698,20140116,127848.0,71236.0,3887441.0,758645.0
699,20140117,182261.0,487631.0,2350452.0,979056.0
700,20140119,4527.0,318104.0,3142103.0,248873.0
701,20140120,23233.0,148577.0,3933754.0,1309173.0
702,20140121,199269.0,124123.0,2992341.0,823018.0
703,20140122,201978.0,252124.0,2177568.0,375003.0
704,20140123,193670.0,61500.0,3209963.0,409009.0
705,20140124,53439.0,250503.0,2604059.0,3802836.0
706,20140125,34.0,250435.66666666666,1306661.5,1901468.0
707,20140126,8500.0,250368.33333333334,9264.0,100.0
708,20140127,11660.0,250301.0,2871426.0,1039064.0
709,20140128,64078.0,88024.0,1989291.0,1526652.0
710,20140129,136019.0,654696.0,2058973.0,223563.0
711,20140130,81922.0,523758.0,1379662.0,389839.0
712,20140131,50855.0,392820.0,3007087.0,171550.0
713,20140201,95427.5,261882.0,1509871.0,2240.0
714,20140202,140000.0,130944.0,12655.0,5371.0
715,20140203,47455.0,6.0,4784525.0,8502.0
716,20140204,142213.0,59981.333333333336,2899183.0,1008534.0
717,20140205,192107.0,119956.66666666667,3764398.0,933726.0
718,20140206,99028.0,179932.0,3604398.0,283725.0
719,20140207,175323.0,596573.0,0.0,180964.0
720,20140208,225.0,187.0,41162.0,15254.0
721,20140209,4.0,645071.0,82324.0,19553.0
722,20140210,82522.0,1289955.0,3156807.0,1654634.0
723,20140211,187176.0,1087500.0,0.0,1120278.0
724,20140212,102243.0,1222532.0,4085545.0,351238.0
725,20140213,147890.0,204702.0,3226198.0,299007.0
726,20140214,104536.0,272119.0,2341638.0,677083.0
727,20140215,18653.0,273816.3333333333,2651778.3333333335,379505.0
728,20140216,1456.0,275513.6666666667,2961918.6666666665,81927.0
729,20140217,127061.0,277211.0,3272059.0,927500.0
730,20140218,189809.0,171384.0,2389180.0,1782329.0
731,20140219,102466.0,47932.0,3321079.0,304606.0
732,20140220,236325.0,201236.0,3005921.0,988762.0
733,20140221,84970.0,99207.0,4348835.0,246214.0
734,20140222,2002.0,59853.5,3754092.6666666665,132959.0
735,20140223,2000.0,20500.0,3159350.333333333,19704.0
736,20140224,152480.0,1478420.0,2564608.0,887229.0
737,20140225,169018.0,143241.0,2678731.0,1281413.0
738,20140226,188390.0,145638.0,2341195.0,299319.0
739,20140227,66379.0,66166.0,2148538.0,493642.0
740,20140228,130904.0,136365.0,2893657.0,1366132.0
741,20140301,17040.0,275251.0,1446862.0,688418.5
742,20140302,352.0,414137.0,67.0,10705.0
743,20140303,30575.0,553023.0,4079409.0,1239576.0
744,20140304,148842.0,282686.0,2247706.0,1675187.0
745,20140305,92478.0,263966.0,2470810.0,272524.0
746,20140306,199271.0,321407.0,3865246.0,552469.0
747,20140307,192521.0,83357.0,2746311.0,461119.0
748,20140308,400.0,442409.6666666667,1398655.5,233364.0
749,20140309,4000.0,801462.3333333334,51000.0,5609.0
750,20140310,34284.0,1160515.0,2318192.0,1421199.0
751,20140311,191385.0,852834.0,2776902.0,2410970.0
752,20140312,103168.0,337585.0,2861686.0,191307.0
753,20140313,63862.0,156013.0,2106393.0,712289.0
754,20140314,167015.0,331343.0,2401144.0,577065.0
755,20140315,83509.5,1000.0,1394573.0,292443.5
756,20140316,4.0,49212.0,388002.0,7822.0
757,20140317,13411.0,97424.0,2691263.0,1639845.0
758,20140318,135908.0,85658.0,3575071.0,1704559.0
759,20140319,211483.0,96377.0,3262365.0,283852.0
760,20140320,35954.0,243732.0,4279145.0,656453.0
761,20140321,133224.0,333501.0,2852830.0,4893164.0
762,20140322,34302.0,171250.5,1426515.0,2468553.5
763,20140323,8324.0,9000.0,200.0,43943.0
764,20140324,249800.0,988236.0,3243976.0,1059226.0
765,20140325,173328.0,941729.0,3662324.0,1379117.0
766,20140326,74023.0,291804.0,3533681.0,605832.0
767,20140327,174178.0,99328.0,3180894.0,284335.0
768,20140328,79517.0,330407.0,3074719.0,459586.0
769,20140330,27301.0,353432.5,420.0,194068.0
770,20140331,55889.0,376458.0,6089780.0,1042878.0
771,20140401,179445.0,488978.0,4106900.0,949781.0
772,20140402,83895.0,614925.0,2711316.0,142940.0
773,20140403,116135.0,424790.0,3042067.0,874918.0
774,20140404,211667.0,257047.0,2914694.0,209373.0
775,20140405,36855.0,134673.5,2541592.0,109062.0
776,20140406,35900.0,12300.0,2168490.0,59762.0
777,20140407,62449.0,5000.0,1795388.0,950261.0
778,20140408,207957.0,936960.0,2453784.0,3048126.0
779,20140409,132423.0,609013.0,3003286.0,364276.0
780,20140410,92335.0,931913.0,2157669.0,380687.0
781,20140411,127427.0,53342.0,2490022.0,447125.0
782,20140412,10.0,480361.3333333333,1245011.0,223582.5
783,20140413,35757.5,907380.6666666666,0.0,40.0
784,20140414,71505.0,1334400.0,2160481.0,781588.0
785,20140415,215955.0,105789.0,3081705.0,1102686.0
786,20140416,220915.0,493339.0,3377084.0,338291.0
787,20140417,157445.0,928350.0,2802820.0,903271.0
788,20140418,4632.0,230270.0,2237851.0,410500.0
789,20140420,1020.0,330270.0,239.0,15017.0
790,20140421,8460.0,430270.0,3549767.0,1005251.0
791,20140422,63892.0,337986.0,2419805.0,1534228.0
792,20140423,103705.0,1067506.0,2243122.0,522927.0
793,20140424,72377.0,744304.0,1785870.0,147688.0
794,20140425,6801.0,416938.0,2064131.0,368887.0
795,20140426,233.0,941625.6666666666,2314668.3333333335,208055.0
796,20140427,10000.0,1466313.3333333333,2565205.6666666665,47223.0
797,20140428,47651.0,1991001.0,2815743.0,1690374.0
798,20140429,126510.0,68957.0,3697229.5,839651.0
799,20140430,168684.0,191470.0,4578716.0,114364.0
800,20140501,80366.0,293602.5,3087557.0,392452.0
801,20140502,55971.0,395735.0,2359519.0,533096.0
802,20140503,3000.0,497867.5,1179759.5,320921.5
803,20140504,2.0,600000.0,0.0,108747.0
804,20140505,166348.0,502210.0,14350.0,883831.0
805,20140506,102992.0,1090808.0,28700.0,912350.0
806,20140507,206415.0,203867.0,3231250.0,120274.0
807,20140508,56491.0,128820.0,2735445.0,613219.0
808,20140509,257329.0,320542.0,2889573.0,817247.0
809,20140510,40.0,260283.0,1445105.0,413986.5
810,20140511,903.0,200024.0,637.0,10726.0
811,20140512,37002.0,139765.0,3156130.0,1576571.0
812,20140513,290066.0,548497.0,2945806.0,1111533.0
813,20140514,118625.0,939711.0,2115103.0,132318.0
814,20140515,137157.0,662324.0,2615121.0,1000518.0
815,20140516,64446.0,647186.0,2506634.0,622628.0
816,20140517,2701.0,445018.0,1253348.5,336896.5
817,20140518,6886.0,242850.0,63.0,51165.0
818,20140519,32986.0,40682.0,3150638.0,947684.0
819,20140520,154718.0,393752.0,4950171.0,921863.0
820,20140521,177038.0,2511555.0,2875438.0,189261.0
821,20140522,44335.0,340714.0,2710133.0,328376.0
822,20140523,146350.0,131142.0,1887361.0,339208.0
823,20140525,2222.0,103382.5,52200.0,4366.0
824,20140526,27507.0,75623.0,1653499.0,995354.0
825,20140527,157454.0,801236.0,2520302.0,1653339.0
826,20140528,58225.0,299130.0,2186078.0,202967.0
827,20140529,83462.0,527003.0,1993568.0,359617.0
828,20140530,138732.0,31745.0,3400329.0,450729.0
829,20140601,1484.0,16122.5,1350.0,751346.5
830,20140602,92512.0,500.0,4304638.0,1051964.0
831,20140603,101888.0,626581.0,2636056.0,759836.0
832,20140604,106329.0,337982.0,2870749.0,383254.0
833,20140605,78842.0,2678610.0,3225798.0,1026160.0
834,20140606,116716.0,205730.0,2219198.0,242687.0
835,20140607,8000.0,403333.6666666666,2154129.0,129362.0
836,20140608,5255.0,600937.3333333333,2089060.0,16037.0
837,20140609,2510.0,798541.0,2023991.0,981122.0
838,20140610,155526.0,315884.0,2339478.0,785612.0
839,20140611,102672.0,828330.0,2023267.0,294533.0
840,20140612,48633.0,1879283.0,2154690.0,794508.0
841,20140613,120469.0,1735643.0,2699470.0,735354.0
842,20140614,6.0,1407506.0,2361711.0,677164.5
843,20140615,36850.5,1079369.0,2023952.0,618975.0
844,20140616,73695.0,751232.0,1686193.0,1033660.0
845,20140617,189883.0,236165.0,2253370.0,6595568.0
846,20140618,64253.0,285764.0,1677131.0,117263.0
847,20140619,201313.0,207833.0,2131382.0,637078.0
848,20140620,43117.0,153551.0,3567956.0,360007.0
849,20140621,3000.0,164285.0,1784412.0,189628.0
850,20140622,1234.0,175019.0,868.0,19249.0
851,20140623,34027.0,185753.0,2606663.0,1099844.0
852,20140624,162703.0,265059.0,2637160.0,1574602.0
853,20140625,40525.0,582070.0,2681570.0,832946.0
854,20140626,48564.0,414184.0,3069839.0,132035.0
855,20140627,85982.0,134351.0,3249336.0,98765.0
856,20140628,200.0,171155.0,1758448.0,184.0
857,20140629,1500.0,207959.0,267560.0,7827.0
858,20140630,61315.0,244763.0,3753101.0,1561301.0
859,20140701,169589.0,255211.0,2949824.0,1471266.0
860,20140702,54753.0,205382.0,2541539.0,189641.0
861,20140703,70097.0,589954.0,2569360.0,1649404.0
862,20140704,129673.0,14682.0,2533342.0,427599.0
863,20140706,2311.0,257602.0,1000.0,16807.0
864,20140707,114874.0,500522.0,3235055.0,1357010.0
865,20140708,287908.0,197310.0,1961604.0,986289.0
866,20140709,113574.0,937936.0,1968047.0,596546.0
867,20140710,128403.0,231037.0,2416084.0,510475.0
868,20140711,51311.0,673059.0,2453309.0,836781.0
869,20140713,12106.0,597391.5,48.0,5531.0
870,20140714,78372.0,521724.0,2272890.0,1782162.0
871,20140715,130648.0,1946722.0,2514085.0,1240646.0
872,20140716,160874.0,480300.0,2922028.0,758754.0
873,20140717,74476.0,558811.0,1923642.0,1216018.0
874,20140718,121848.0,915516.0,2228533.0,297882.0
875,20140720,42351.0,629310.0,1114366.5,107280.0
876,20140721,43708.0,343104.0,200.0,1597275.0
877,20140722,149511.0,2006218.0,4249663.0,1254407.0
878,20140723,139361.0,442112.0,2369980.0,354865.0
879,20140724,145088.0,257265.0,2439016.0,344574.0
880,20140725,92774.0,143082.0,2548094.0,171985.0
881,20140727,17650.0,112563.0,6.0,48221.0
882,20140728,90083.0,82044.0,2967154.0,781035.0
883,20140729,136284.0,464242.0,3059679.0,697279.0
884,20140730,199604.0,2186242.0,2680227.0,379528.0
885,20140731,115532.0,200172.0,2513018.0,601253.0
886,20140801,123845.0,366967.0,4001362.0,413678.0
887,20140802,200.0,427977.0,2000691.0,210722.5
888,20140803,24.0,488987.0,20.0,7767.0
889,20140804,126916.0,549997.0,2945833.0,981806.0
890,20140805,97961.0,93072.0,3386734.0,959564.0
891,20140806,122868.0,50177.0,2919497.0,146316.0
892,20140807,69158.0,600654.0,2638668.0,437100.0
893,20140808,218912.0,467840.0,1299343.0,520760.0
894,20140809,22.0,370983.6666666667,649681.5,260453.0
895,20140810,22969.0,274127.3333333334,20.0,146.0
896,20140811,45916.0,177271.0,1207470.0,900527.0
897,20140812,120751.0,312983.0,224687.0,1246329.0
898,20140813,208438.0,169913.0,88553.0,803577.0
899,20140814,42774.0,128749.0,31913.0,876948.0
900,20140815,109026.0,219455.0,1936275.0,552861.0
901,20140816,1006.0,202841.0,968137.5,289923.5
902,20140817,7000.0,186227.0,0.0,26986.0
903,20140818,94747.0,169613.0,1867911.0,925003.0
904,20140819,65298.0,656819.0,2431916.0,1524877.0
905,20140820,71721.0,607890.0,2296747.0,77787.0
906,20140821,135803.0,103462.0,3015790.0,524004.0
907,20140822,125143.0,323600.0,2120083.0,368846.0
908,20140823,6216.0,461206.6666666666,2045990.0,191343.5
909,20140824,30065.0,598813.3333333333,1971897.0,13841.0
910,20140825,60218.0,736420.0,1897804.0,868424.0
911,20140826,114016.0,358914.0,2879953.0,898434.0
912,20140827,44184.0,163531.0,2206220.0,433338.0
913,20140828,86530.0,395888.0,1412252.0,961731.0
914,20140829,60332.0,517176.0,4475230.0,82959.0
915,20140831,60.0,457135.5,4048768.0,2302.0
916,20140901,44041.0,397095.0,3622306.0,818842.0
917,20140902,175502.0,347970.0,4068249.0,541095.0
918,20140903,77031.0,476527.0,2592653.0,334319.0
919,20140904,93509.0,342384.0,2790126.0,837375.0
920,20140905,131693.0,455016.0,2685189.0,410332.0
921,20140906,2102.0,304010.6666666666,2428243.0,205916.0
922,20140907,129753.0,153005.3333333333,2171297.0,1500.0
923,20140908,257404.0,2000.0,1914351.0,1289415.0
924,20140909,128621.0,1427577.0,3096340.0,694517.0
925,20140910,126173.0,50525.0,2612904.0,233792.0
926,20140911,87326.0,11132.0,2174170.0,4452799.0
927,20140912,104294.0,405638.0,2718588.0,190118.0
928,20140913,400.0,411134.5,1359602.5,574896.5
929,20140915,49086.0,416631.0,617.0,959675.0
930,20140916,161414.0,1252713.0,3123404.0,928149.0
931,20140917,135151.0,715524.0,3197634.0,187462.0
932,20140918,126011.0,399495.0,5007868.0,616541.0
933,20140919,80220.0,197845.0,3350787.0,254913.0
934,20140920,58183.0,275471.0,3207768.5,10000.0
935,20140922,36146.0,353097.0,3064750.0,849991.0
936,20140923,82772.0,301057.0,0.0,1138338.0
937,20140924,74858.0,81618.0,3392225.0,495680.0
938,20140925,76106.0,547512.0,2682748.0,651678.0
939,20140926,145100.0,335044.0,2882084.0,310903.0
940,20140928,110764.0,357812.0,20000.0,30255.0
941,20140929,76428.0,380580.0,1591571.0,749802.0
942,20140930,71403.0,378639.0,3349271.0,1085352.0
943,20141001,137373.0,376007.25,5094467.0,1569656.0
944,20141002,59768.0,373375.5,3106111.0,1116047.0
945,20141003,190413.0,370743.75,3865167.0,269895.0
946,20141004,19500.0,368112.0,3352648.0,4.0
947,20141005,22.0,365480.25,2840129.0,2471.0
948,20141006,20431.0,362848.5,2327610.0,858991.0
949,20141007,422807.0,360216.75,3714444.0,685663.0
950,20141008,77370.0,357585.0,2990447.0,417478.0
951,20141009,132993.0,914304.0,2595977.0,331512.0
952,20141010,113741.0,783156.0,2429472.0,320354.0
953,20141011,3501.0,738312.5,2684600.3333333335,1.0
954,20141013,49891.0,693469.0,2939728.6666666665,1308681.0
955,20141014,77143.0,652880.0,3194857.0,602539.0
956,20141015,149685.0,557065.0,3640117.0,121272.0
957,20141016,69907.0,491433.0,2888178.0,562562.0
958,20141017,204952.0,210436.0,2060110.0,651458.0
959,20141018,5000.0,100000.0,1030055.0,354234.0
960,20141019,4403.0,533718.5,0.0,57010.0
961,20141020,54133.0,967437.0,2500896.0,1055885.0
962,20141021,122108.0,577092.0,2633382.0,971552.0
963,20141022,137502.0,344365.0,2773823.0,116251.0
964,20141023,93900.0,374177.0,3000226.0,852189.0
965,20141024,69413.0,849417.0,2649077.0,105857.0
966,20141025,6626.0,817820.3333333334,1334541.0,687857.0
967,20141026,8153.0,786223.6666666666,20005.0,1269857.0
968,20141027,56813.0,754627.0,4416716.0,411203.0
969,20141028,100477.0,234371.0,3363520.0,2051756.0
970,20141029,109958.0,497670.0,2703170.0,407845.0
971,20141030,63241.0,269078.0,1918191.0,748268.0
972,20141031,69925.0,134355.0,4595238.0,221967.0
973,20141102,30.0,243640.5,2302845.5,807228.0
974,20141103,193840.0,352926.0,10453.0,804232.0
975,20141104,68581.0,84187.0,5455807.0,2203737.0
976,20141105,93776.0,1400721.0,2859080.0,124508.0
977,20141106,62223.0,134397.0,3303595.0,963693.0
978,20141107,71103.0,360044.0,2435754.0,343890.0
979,20141108,6000.0,211772.0,1218647.0,647152.5
980,20141109,85900.5,63500.0,1540.0,950415.0
981,20141110,165801.0,382410.0,2109998.0,1029565.0
982,20141111,253143.0,94400.0,2650792.0,1068166.0
983,20141112,162173.0,335980.0,2857885.0,171342.0
984,20141113,111774.0,904296.0,3455574.0,1446348.0
985,20141114,145772.0,314409.0,2408862.0,780043.0
986,20141115,106458.33333333334,381260.0,1209431.0,500.0
987,20141116,67144.66666666667,448111.0,10000.0,711190.0
988,20141117,27831.0,514962.0,2101945.0,406521.0
989,20141118,227657.0,713413.0,3016346.0,1872139.0
990,20141119,101349.0,400523.0,2476885.0,184172.0
991,20141120,58397.0,249948.0,2933039.0,1719075.0
992,20141121,111215.0,64391.0,3570006.0,109527.0
993,20141122,1.0,377472.6666666667,1785003.0,50.0
994,20141123,45351.0,690554.3333333334,0.0,1019874.0
995,20141124,90701.0,1003636.0,1885901.0,329217.0
996,20141125,128172.0,609317.0,3771802.0,1461040.0
997,20141126,161148.0,197750.0,3881647.0,199467.0
998,20141127,125244.0,344735.0,4202950.0,902409.0
999,20141128,110228.0,340708.0,3670186.0,606419.0
1000,20141130,126302.5,340046.5,121.0,830834.0
1001,20141201,142377.0,339385.0,3966103.0,803788.0
1002,20141202,131050.0,99448.0,2785308.0,3010268.0
1003,20141203,132498.0,361704.0,4124362.0,210873.0
1004,20141204,88364.0,1212047.0,3370989.0,1283430.0
1005,20141205,104115.0,117753.0,2486852.0,4180697.0
1006,20141206,6000.0,108876.5,1385941.0,2515402.5
1007,20141207,57128.0,100000.0,285030.0,850108.0
1008,20141208,108256.0,363801.0,4717545.0,477627.0
1009,20141209,201546.0,486739.0,2202725.0,1411326.0
1010,20141210,181592.0,1140925.0,3472389.0,589102.0
1011,20141211,116497.0,332718.0,2833398.0,660835.0
1012,20141212,120515.0,552431.0,2292635.0,73288.0
1013,20141213,3000.0,551874.3333333334,2398177.3333333335,125068.0
1014,20141214,22595.5,551317.6666666666,2503719.6666666665,176848.0
1015,20141215,42191.0,550761.0,2609262.0,337436.0
1016,20141216,129626.0,253061.0,3309639.0,1115389.0
1017,20141217,131803.0,203801.0,4031596.0,160082.0
1018,20141218,141849.0,145789.0,2846457.0,550747.0
1019,20141219,44420.0,147361.0,5156149.0,131230.0
1020,20141220,24.0,172168.33333333334,2581074.5,160635.5
1021,20141221,5504.0,196975.66666666666,6000.0,190041.0
1022,20141222,39101.0,221783.0,2322030.0,985759.0
1023,20141223,72506.0,100696.0,321730.0,1125275.0
1024,20141224,28850.0,663905.0,2530791.0,663641.0
1025,20141225,16097.5,1058933.0,1864937.0,546370.0
1026,20141226,3345.0,119804.0,2940817.0,219447.0
1027,20141227,50.0,197809.0,3183081.5555555555,114236.0
1028,20141228,675.0,275814.0,3425346.111111111,9025.0
1029,20141229,1300.0,353819.0,3667610.666666667,1120221.0
1030,20141230,11312.0,381040.0,3909875.222222222,639528.0
1031,20141231,40000.0,492367.0,4152139.777777778,175543.0
1032,20150101,200.0,283928.0,4394404.333333334,755235.0
1033,20150102,4800.0,75489.0,4636668.888888889,356451.0
1034,20150104,2114.0,327300.0,4878933.444444444,217049.0
1035,20150105,233486.0,1017915.0,5121198.0,2539478.0
1036,20150106,162102.0,1342779.0,4006971.0,1568191.0
1037,20150107,123599.0,356522.0,3324625.0,925122.0
1038,20150108,111687.0,451150.0,4000053.0,757885.0
1039,20150109,115601.0,345196.0,2781291.0,759055.0
1040,20150111,103239.5,295284.5,0.0,434448.0
1041,20150112,90878.0,245373.0,1279038.5,1809597.0
1042,20150113,130331.0,440230.0,2558077.0,1487443.0
1043,20150114,83328.0,557279.0,3236750.0,1199175.0
1044,20150115,90813.0,517917.0,4895517.0,1008050.0
1045,20150116,42627.0,257172.0,3157199.0,360315.0
1046,20150117,700.0,209249.33333333334,1578599.5,266408.5
1047,20150118,41110.5,161326.6666666667,0.0,172502.0
1048,20150119,81521.0,113404.0,2423727.0,1652114.0
1049,20150120,193275.0,393141.0,2597089.0,821374.0
1050,20150121,96404.0,561983.0,3917356.0,242796.0
1051,20150122,94286.0,969725.0,3374272.0,1315068.0
1052,20150123,148028.0,415189.0,3953729.0,1004830.0
1053,20150125,74062.5,423267.5,2995150.0,43316.0
1054,20150126,97.0,431346.0,2036571.0,1492375.0
1055,20150127,90044.0,1040882.0,3125740.0,1926654.0
1056,20150128,139025.0,534591.0,2598836.0,259902.0
1057,20150129,216795.0,467572.0,2306550.0,635274.0
1058,20150130,57563.0,1987795.0,4581790.0,1128054.0
1059,20150131,126.0,1602439.6666666667,4126793.3333333335,567191.0
1060,20150201,2827.0,1217084.3333333335,3671796.6666666665,6328.0
1061,20150202,44374.0,831729.0,3216800.0,1462383.0
1062,20150203,164929.0,99445.0,2975272.0,1767772.0
1063,20150204,195334.0,1078670.0,2778997.0,277957.0
1064,20150205,80173.0,371353.0,2840558.0,753294.0
1065,20150206,185396.0,623466.0,3702507.0,1842407.0
1066,20150207,3000.0,529827.6666666666,1851929.5,54.0
1067,20150208,39700.0,436189.3333333334,1352.0,4.0
1068,20150209,84685.0,342551.0,2526516.0,1634880.0
1069,20150210,163137.0,550275.0,3722137.0,3039546.0
1070,20150211,247532.0,362768.0,1.0,2277154.0
1071,20150212,109843.0,329416.0,3109719.0,705926.0
1072,20150213,74154.0,358881.0,2954777.0,316194.0
1073,20150214,100.0,373952.6666666667,3013702.6666666665,163446.5
1074,20150215,12325.5,389024.3333333333,3072628.3333333335,10699.0
1075,20150216,24551.0,404096.0,3131554.0,330994.0
1076,20150217,128979.0,16325.0,2918569.0,2600566.0
1077,20150218,141971.0,30000.0,2536762.0,1457077.0
1078,20150219,113407.0,15004.0,2895064.0,487582.0
1079,20150220,52490.0,8.0,4175464.0,201002.0
1080,20150222,80609.0,240302.5,3471644.5,160.0
1081,20150223,108728.0,480597.0,2767825.0,1276807.0
1082,20150224,131566.0,720891.5,2811440.0,1274004.0
1083,20150225,76709.0,961186.0,2396551.0,459965.0
1084,20150226,173313.0,42515.0,2560547.0,571308.0
1085,20150227,71850.0,175636.0,2505468.0,712649.0
1086,20150228,35928.0,118208.0,3001755.0,162.0
1087,20150301,6.0,60780.0,3498042.0,31097.0
1088,20150302,25886.0,158474.0,3994329.0,1476344.0
1089,20150303,170957.0,400264.0,2707842.0,1448080.0
1090,20150304,118976.0,117419.0,2909236.0,65067.0
1091,20150305,190550.0,192703.0,3416412.0,335285.0
1092,20150306,136793.0,1095249.0,2038370.0,736924.0
1093,20150307,0.0,927354.6666666666,1019186.0,431639.0
1094,20150308,21341.0,759460.3333333333,2.0,126354.0
1095,20150309,42682.0,591566.0,2768935.0,1888186.0
1096,20150310,96830.0,728852.0,2844732.0,1233275.0
1097,20150311,108642.0,209051.0,1716520.0,29840.0
1098,20150312,38222.0,230759.0,2817552.0,827858.0
1099,20150313,58624.0,187194.0,3149181.0,5402961.0
1100,20150314,50.0,93598.0,1574590.5,2703605.5
1101,20150315,11504.0,2.0,0.0,4250.0
1102,20150316,135975.0,597915.0,2991617.0,2444611.0
1103,20150317,92165.0,269941.0,2601850.0,1183014.0
1104,20150318,167620.0,490135.0,2237948.0,262263.0
1105,20150319,160962.0,216132.0,1919614.0,891443.0
1106,20150320,92238.0,303752.0,2613440.0,367710.0
1107,20150321,32010.0,499893.3333333334,3095380.0,385707.0
1108,20150322,23000.0,696034.6666666667,3577320.0,403704.0
1109,20150323,261425.0,892176.0,4059260.0,2500941.0
1110,20150324,148106.0,708686.0,2270330.0,1243975.0
1111,20150325,60331.0,1326274.0,3185595.0,667255.0
1112,20150326,65135.0,202194.0,2810853.0,1547975.0
1113,20150327,33317.0,1030663.0,1727507.0,2569450.0
1114,20150328,2000.0,798693.3333333334,899059.0,1286642.0
1115,20150329,2.0,566723.6666666667,70611.0,3834.0
1116,20150330,59737.0,334754.0,3669050.0,1115378.0
1117,20150331,114754.0,23761.0,3854792.0,825350.0
1118,20150401,85508.0,1597356.0,3968964.0,42378.0
1119,20150402,138705.0,603968.0,5600687.0,1107425.0
1120,20150403,9697.0,449066.0,2319503.0,873400.0
1121,20150404,49500.0,224733.0,1159841.5,439564.0
1122,20150405,26750.0,400.0,180.0,5728.0
1123,20150406,4000.0,40597.0,3014885.0,1261299.0
1124,20150407,146856.0,80794.0,2254619.0,1841295.0
1125,20150408,225234.0,1400.0,3747116.0,201144.0
1126,20150409,137931.0,246520.0,2404168.0,406439.0
1127,20150410,118904.0,354714.0,2902922.0,218181.0
1128,20150412,1006.0,353270.5,100.0,957889.5
1129,20150413,76493.0,351827.0,2725746.0,1697598.0
1130,20150414,23873.0,341053.0,2534494.0,1451200.0
1131,20150415,138232.0,293522.0,3131946.0,449795.0
1132,20150416,97207.0,185724.0,2241410.0,344261.0
1133,20150417,238810.0,323014.0,2420073.0,172585.0
1134,20150419,179931.0,710441.0,550.0,426.0
1135,20150420,121052.0,1097868.0,2138083.0,1370915.0
1136,20150421,69371.0,197376.0,4904513.0,2593752.0
1137,20150422,92552.0,541955.0,3149275.0,100610.0
1138,20150423,97124.0,526441.0,2186763.0,461508.0
1139,20150424,133881.0,140232.0,2822765.0,167593.0
1140,20150426,226.0,149597.5,2762168.5,7422.0
1141,20150427,106101.0,158963.0,2701572.0,1249250.0
1142,20150428,21475.0,155146.0,2579453.0,1313259.0
1143,20150429,58912.0,706032.0,0.0,97410.0
1144,20150430,155492.0,2690810.0,2594109.0,671158.0
1145,20150501,170128.0,1850073.3333333335,3273236.0,336104.0
1146,20150503,107.0,1009336.6666666667,3423853.2,1050.0
1147,20150504,184614.0,168600.0,3574470.4,1071850.0
1148,20150505,100863.0,412222.0,3725087.6,1314454.0
1149,20150506,125251.0,718979.0,3875704.8,215882.0
1150,20150507,157866.0,882611.0,4026322.0,1058772.0
1151,20150508,107008.0,353459.0,3898221.0,524724.0
1152,20150510,150914.5,276915.0,3720784.5,447.0
1153,20150511,194821.0,146493.0,3543348.0,1116417.0
1154,20150512,82910.0,28150.0,2243788.0,1870058.0
1155,20150513,48572.0,23540.0,2085213.0,35406.0
1156,20150514,65390.0,554445.0,3655914.0,651100.0
1157,20150515,75238.0,414568.0,2475667.0,111614.0
1158,20150517,39.0,355235.0,2360536.0,18965.0
1159,20150518,73584.0,295902.0,2245405.0,1267776.0
1160,20150519,170743.0,1228269.0,2355266.0,6294385.0
1161,20150520,96626.0,424108.0,2024117.0,256318.0
1162,20150521,161392.0,65737.0,2354578.0,504558.0
1163,20150522,35720.0,121849.0,2833730.0,335992.0
1164,20150524,44799.0,286438.0,6.0,952.0
1165,20150525,53878.0,451027.0,2428767.0,1485288.0
1166,20150526,62668.0,1250572.0,2493618.0,838044.0
1167,20150527,119154.0,191553.0,2433278.0,247611.0
1168,20150528,65714.0,513997.0,2299904.0,819717.0
1169,20150529,144394.0,325932.0,2985908.0,634773.0
1170,20150531,6766.0,414857.0,3167690.5,55220.0
1171,20150601,89339.0,503782.0,3349473.0,110985.0
1172,20150602,63095.0,19957.0,2928340.0,1673269.0
1173,20150603,130105.0,117346.0,2184764.0,1054141.0
1174,20150604,48234.0,181620.0,2438780.0,493986.0
1175,20150605,52636.0,357155.0,3120641.0,254954.0
1176,20150607,30348.0,434730.5,2759208.0,2500.0
1177,20150608,8060.0,512306.0,2397775.0,1541156.0
1178,20150609,167685.0,466291.0,4028477.0,1166991.0
1179,20150610,129913.0,439449.0,2497426.0,644749.0
1180,20150611,58727.0,604827.0,2514081.0,295801.0
1181,20150612,94896.0,374669.0,3344053.0,105966.0
1182,20150614,143869.0,1091864.5,0.0,2863.0
1183,20150615,192842.0,1809060.0,1918035.0,1403704.0
1184,20150616,102526.0,1115780.0,2077673.0,1341230.0
1185,20150617,126497.0,374322.0,2110884.0,186025.0
1186,20150618,132574.0,110035.0,2176591.0,998334.0
1187,20150619,483001.0,596503.0,2670224.0,761322.0
1188,20150621,277509.5,690218.3333333334,2715352.0,15346.0
1189,20150622,72018.0,783933.6666666666,2760480.0,1433685.0
1190,20150623,49488.0,877649.0,2336959.0,1680091.0
1191,20150624,116203.0,484896.0,2389930.0,308923.0
1192,20150625,166837.0,335636.0,3547742.0,1083615.0
1193,20150626,43642.0,487971.0,2648230.0,29569.0
1194,20150628,81.0,606451.5,2460594.5,26564.0
1195,20150629,177820.0,724932.0,2272959.0,1345202.0
1196,20150630,50485.0,312932.0,5104541.0,2931406.0
1197,20150701,156136.0,1035526.0,4979086.0,359800.0
1198,20150702,91887.0,306337.0,3185383.0,1761491.0
1199,20150703,72073.0,410376.0,5135940.0,146343.0
1200,20150705,93352.0,419170.0,3776811.5,4570.0
1201,20150706,114631.0,427964.0,2417683.0,1437334.0
1202,20150707,88071.0,823696.0,2437205.0,1355001.0
1203,20150708,104246.0,471743.0,2162912.0,53887.0
1204,20150709,64005.0,447230.0,2422645.0,442360.0
1205,20150710,197002.0,553329.0,2386833.0,73035.0
1206,20150713,122294.0,795629.0,2409518.0,1271703.0
1207,20150714,49704.0,1308058.0,3580249.0,991641.0
1208,20150715,86643.0,272985.0,3424775.0,283847.0
1209,20150716,49783.0,437277.0,3212247.0,674312.0
1210,20150717,77223.0,576476.0,2814268.0,186.0
1211,20150719,75880.5,431519.0,0.0,695759.0
1212,20150720,74538.0,286562.0,516.0,1391332.0
1213,20150721,52133.0,242118.0,2801071.0,1327433.0
1214,20150722,90697.0,60918.0,4808792.0,150349.0
1215,20150723,120281.0,1070554.0,2650635.0,334694.0
1216,20150724,51436.0,287389.0,3817604.0,73426.0
1217,20150726,71445.5,281251.0,0.0,30.0
1218,20150727,91455.0,275113.0,3385559.0,1350925.0
1219,20150728,85576.0,580826.0,4270335.0,1801023.0
1220,20150729,218951.0,144861.0,3737405.0,141496.0
1221,20150730,234961.0,139016.0,1935639.0,665932.0
1222,20150731,112971.0,163111.0,5241198.0,616364.0
1223,20150802,2828.0,312.0,52.0,6000.0
1224,20150803,71641.0,1234199.0,5975218.0,1923732.0
1225,20150804,263522.0,194914.0,3582927.0,972805.0
1226,20150805,132707.0,167815.0,2654519.0,58801.0
1227,20150806,107523.0,172098.0,2677730.0,752756.0
1228,20150807,82526.0,137609.0,3856454.0,14000.0
1229,20150809,112696.0,250289.5,0.0,433047.5
1230,20150810,142866.0,362970.0,1529007.0,852095.0
1231,20150811,161632.0,309087.0,769570.0,1145818.0
1232,20150812,85925.0,211215.0,124573.0,72586.0
1233,20150813,138224.0,304158.0,24362.0,433726.0
1234,20150814,75404.0,439929.0,1977140.0,64065.0
1235,20150815,73883.33333333333,30000.0,988570.0,32182.5
1236,20150816,72362.66666666667,100150.0,0.0,300.0
1237,20150817,70842.0,170300.0,3529669.0,1592283.0
1238,20150818,39377.0,95111.0,2971303.0,2650727.0
1239,20150819,149612.0,335149.0,2384808.0,28485.0
1240,20150820,207894.0,1382278.0,2240254.0,720046.0
1241,20150821,72772.0,408712.0,3091523.0,1365719.0
1242,20150823,3000.0,745810.0,0.0,1547064.5
1243,20150824,169403.0,1082908.0,2057544.0,1728410.0
1244,20150825,184778.0,196491.0,3262858.0,1122025.0
1245,20150826,148812.0,668792.0,2523742.0,823975.0
1246,20150827,60995.0,97118.0,1743976.0,581266.0
1247,20150828,73230.0,78714.0,1852937.0,73828.0
1248,20150830,76750.5,283679.5,2760690.5,17476.0
1249,20150831,80271.0,488645.0,3668444.0,1875053.0
1250,20150901,149166.0,316085.0,4486004.0,1818242.0
1251,20150902,67036.0,654997.0,2312447.0,211694.0
1252,20150903,155504.0,152272.0,3820053.0,831890.0
1253,20150904,79081.0,30000.0,2881697.0,1235665.0
1254,20150905,123635.0,440000.0,0.0,1314313.6666666667
1255,20150906,168189.0,850000.0,1268829.0,1392962.3333333333
1256,20150907,212743.0,1391772.0,2537658.0,1471611.0
1257,20150908,216274.0,448750.0,3372659.0,763610.0
1258,20150909,137700.0,536617.0,2213605.0,237065.0
1259,20150910,75524.0,1327060.0,2349863.0,690862.0
1260,20150911,103286.0,219725.0,2981879.0,16939.0
1261,20150913,89763.5,309861.0,0.0,569604.5
1262,20150914,76241.0,399997.0,3494243.0,1122270.0
1263,20150915,56436.0,245406.0,3283693.0,842142.0
1264,20150916,106320.0,294570.0,2327160.0,171576.0
1265,20150917,127382.0,388929.0,1533870.0,307729.0
1266,20150918,167961.0,295221.0,1549957.0,380794.0
1267,20150920,307.0,300500.0,1162467.75,5501.0
1268,20150921,88737.0,127556.0,774978.5,617656.0
1269,20150922,75971.0,336370.0,387489.25,336799.0
1270,20150923,68787.0,241050.0,0.0,246923.0
1271,20150924,80260.0,705070.0,2932613.0,520218.0
1272,20150925,42426.0,2154422.0,2400538.0,904608.0
1273,20150927,1446.0,1264113.0,2302010.0,177000.0
1274,20150928,160485.0,373804.0,2203482.0,1014314.0
1275,20150929,69781.0,555212.0,4723575.0,1185033.0
1276,20150930,151863.0,633281.0,4176460.0,939182.0
1277,20151001,123692.0,660427.5714285715,4434805.0,408018.0
1278,20151002,81821.0,687574.1428571428,2692798.0,86242.0
1279,20151004,2000.0,714720.7142857143,0.0,32050.0
1280,20151005,81530.0,741867.2857142857,2868961.0,1334083.0
1281,20151006,108102.0,769013.8571428572,2040962.0,1967996.0
1282,20151007,69936.0,796160.4285714286,3008647.0,74469.0
1283,20151008,115906.0,823307.0,2347557.0,445718.0
1284,20151009,84915.0,66200.0,2664245.0,5017187.0
1285,20151010,152017.6666666667,350000.0,2680854.25,2521113.0
1286,20151011,219120.33333333334,482761.5,2697463.5,25039.0
1287,20151012,286223.0,615523.0,2714072.75,1936645.0
1288,20151013,84793.0,159184.0,2730682.0,1947554.0
1289,20151014,92488.0,947175.0,3712246.0,84631.0
1290,20151015,83094.0,530614.0,2397035.0,163283.0
1291,20151016,66111.0,819225.0,2721592.0,208309.0
1292,20151018,103018.0,635328.5,2182072.5,5700.0
1293,20151019,139925.0,451432.0,1642553.0,1213134.0
1294,20151020,106132.0,738250.0,2417170.0,1312695.0
1295,20151021,97495.0,156039.0,2792741.0,17336.0
1296,20151022,93152.0,477546.0,2539533.0,821983.0
1297,20151023,113998.0,377213.0,2395409.0,413189.0
1298,20151025,5000.0,51600.0,400285.0,416589.0
1299,20151026,228905.0,193503.0,2372081.0,647637.0
1300,20151027,73984.0,1157424.0,3545274.0,1164217.0
1301,20151028,115308.0,398480.0,1767689.0,154491.0
1302,20151029,135277.0,82754.0,2227293.0,658948.0
1303,20151030,124835.0,415393.0,2716770.0,145206.0
1304,20151031,64042.5,13050.0,1410996.0,74607.0
1305,20151101,3250.0,1400.0,105222.0,4008.0
1306,20151102,192003.0,695065.0,4396460.0,520454.0
1307,20151103,26912.0,405053.0,44481.0,1586758.0
1308,20151104,74262.0,683133.0,3130217.0,99708.0
1309,20151105,98178.0,181049.0,2346433.0,483373.0
1310,20151106,145940.0,710571.0,3021185.0,3064.0
1311,20151108,2000.0,100000.0,1.0,12200.0
1312,20151109,172109.0,760943.0,2177376.0,527362.0
1313,20151110,226535.0,481018.0,2772462.0,1386077.0
1314,20151111,110316.0,1607186.0,1887958.0,90747.0
1315,20151112,107219.0,191335.0,2791708.0,418323.0
1316,20151113,89341.0,179968.0,2493339.0,237495.0
1317,20151114,45312.0,5290.0,2505169.6666666665,575308.5
1318,20151115,1283.0,224900.0,2517000.3333333335,913122.0
1319,20151116,151404.0,691548.0,2528831.0,481119.0
1320,20151117,114176.0,196930.0,4060897.0,833295.0
1321,20151118,177555.0,57095.0,2385577.0,174125.0
1322,20151119,34188.0,496066.0,2828785.0,995398.0
1323,20151120,171300.0,280060.0,2178394.0,146733.0
1324,20151122,3192.0,277843.0,1090215.5,1573182.0
1325,20151123,103287.0,275626.0,2037.0,715282.0
1326,20151124,136304.0,109133.0,2962286.0,489204.0
1327,20151125,90011.0,422141.0,2256337.0,421958.0
1328,20151126,72776.0,357209.0,2901116.0,379916.0
1329,20151127,62562.0,545627.0,2619409.0,640211.0
1330,20151129,1900.0,160.0,3227606.5,893491.0
1331,20151130,112308.0,520030.0,3835804.0,532275.0
1332,20151201,104671.0,271107.0,4421948.0,1387260.0
1333,20151202,107108.0,134810.0,3014158.0,405639.0
1334,20151203,90256.0,915731.0,2358367.0,553050.0
1335,20151204,120537.0,179280.0,3051711.0,310143.0
1336,20151205,147796.33333333334,100000.0,1525855.5,704027.0
1337,20151206,175055.66666666666,1045103.5,0.0,1097911.0
1338,20151207,202315.0,1990207.0,2796345.0,758265.0
1339,20151208,159448.0,264687.0,3404206.0,814366.0
1340,20151209,157973.0,1661420.0,3097699.0,60852.0
1341,20151210,119786.0,328277.0,2011645.0,306380.0
1342,20151211,199223.0,366063.0,3038497.0,590328.0
1343,20151213,124.0,566457.5,3548.0,2832428.0
1344,20151214,107799.0,766852.0,1858652.0,548463.0
1345,20151215,92178.0,257183.0,3613825.0,1101524.0
1346,20151216,100562.0,497534.0,1678633.0,151610.0
1347,20151217,164490.0,41530.0,2178094.0,793708.0
1348,20151218,36976.0,381008.0,2504823.0,117535.0
1349,20151220,2006.0,206780.0,2717479.5,502461.0
1350,20151221,41248.0,1496963.0,2930136.0,2283151.0
1351,20151222,41876.0,492720.0,2463517.0,775160.0
1352,20151223,1170206.0,2.0,2511449.5,44183.0
1353,20151224,311784.0,193946.0,2559382.0,607052.0
1354,20151225,207856.0,329655.0,2425664.0,153.0
1355,20151227,103928.0,372991.5,2.0,535662.0
1356,20151228,0.0,416328.0,3342506.0,1671864.0
1357,20151229,33354.0,160105.0,3307814.5,465329.0
1358,20151230,20970.0,328020.0,3273123.0,120754.0
1359,20151231,13154.5,1244853.0,3238431.5,677705.0
1360,20160103,5339.0,929944.0,3203740.0,90100.0
1361,20160104,45441.0,615035.0,3169048.5,1314065.0
1362,20160105,85075.0,503776.0,3134357.0,297260.0
1363,20160106,127765.0,273819.0,3944859.0,298459.0
1364,20160107,47509.0,524314.0,3402539.0,297914.0
1365,20160108,48787.0,2092210.0,3892835.0,13010.0
1366,20160110,81767.0,152000.0,0.0,155224.0
1367,20160111,114747.0,701523.0,1602732.0,1461287.0
1368,20160112,44041.0,3077154.0,3205464.0,45150.0
1369,20160113,114483.0,215894.0,2604015.0,850100.0
1370,20160114,152851.0,269972.0,2770335.0,808212.0
1371,20160115,163558.0,403148.0,2634919.0,3000.0
1372,20160117,152164.5,1063093.5,2529779.0,124609.0
1373,20160118,140771.0,1723039.0,2424639.0,1039140.0
1374,20160119,129248.0,123187.0,2112267.0,358957.0
1375,20160120,156096.0,781281.0,1972589.0,295524.0
1376,20160121,76572.0,102174.0,2547622.0,173521.0
1377,20160122,91763.0,178382.0,2581955.0,4370160.0
1378,20160124,138289.5,168344.0,2445845.5,45500.0
1379,20160125,184816.0,158306.0,2309736.0,1357465.0
1380,20160126,144129.5,135629.0,2708630.0,189342.0
1381,20160127,103443.0,224202.0,1998300.0,111032.0
1382,20160128,93648.0,182070.0,2365858.0,253510.0
1383,20160129,136741.0,259844.0,2743961.0,165255.0
1384,20160131,50.0,134968.5,3166379.0,395240.0
1385,20160201,107783.0,10093.0,3588797.0,1393554.0
1386,20160202,81684.0,162381.0,2995799.0,817850.0
1387,20160203,116952.0,1566519.0,2764708.0,875233.0
1388,20160204,79077.0,1065506.0,3173724.0,757166.0
1389,20160205,69053.0,410561.0,3252028.0,522.0
1390,20160208,197237.0,119294.0,2946417.0,13046.0
1391,20160209,54043.0,136645.83333333334,3043347.0,17208.0
1392,20160210,57762.0,153997.66666666666,3596530.0,21370.0
1393,20160211,205621.0,171349.5,3266765.0,144410.0
1394,20160212,269942.0,188701.3333333333,2937000.0,85030.0
1395,20160213,0.0,206053.16666666666,2705046.3333333335,357145.6666666667
1396,20160214,67944.5,223405.0,2473092.6666666665,629261.3333333334
1397,20160215,135889.0,327128.0,2241139.0,901377.0
1398,20160216,67437.0,190825.0,2197151.0,236119.0
1399,20160217,50524.0,83220.0,2035764.0,17010.0
1400,20160218,179138.0,170500.0,1504191.0,292115.0
1401,20160219,124879.0,176898.0,2864662.0,1369358.0
1402,20160220,113396.0,100000.0,1432331.0,1271766.6666666667
1403,20160221,101913.0,207142.5,0.0,1174175.3333333333
1404,20160222,90430.0,314285.0,3631775.0,1076584.0
1405,20160223,44447.0,179141.0,2103415.0,448422.0
1406,20160224,214603.0,869294.0,1878262.0,19651.0
1407,20160225,68254.0,204660.0,1294355.0,201500.0
1408,20160226,71778.0,508454.0,3106197.0,77500.0
1409,20160229,144761.0,380665.0,3100437.0,1567403.0
1410,20160301,44910.0,545419.0,3613938.0,349880.0
1411,20160302,106421.0,278169.0,3604687.0,395748.0
1412,20160303,65767.0,685850.0,2880834.0,355960.0
1413,20160304,176322.0,771492.0,2987547.0,89027.0
1414,20160305,177985.33333333334,100000.0,2647501.0,47013.5
1415,20160306,179648.66666666666,150911.5,2307455.0,5000.0
1416,20160307,181312.0,201823.0,1967409.0,1756392.0
1417,20160308,72126.0,2111288.0,2081154.0,435372.0
1418,20160309,68874.0,62615.0,2426493.0,22913.0
1419,20160310,149360.0,283920.0,3080520.0,115898.0
1420,20160311,78362.0,1141728.0,2714154.0,4100.0
1421,20160313,212937.0,772978.0,5020.0,516317.5
1422,20160314,347512.0,404228.0,1845976.0,1028535.0
1423,20160315,93459.0,312318.0,3391601.0,4260786.0
1424,20160316,78791.0,175548.0,2934105.0,29750.0
1425,20160317,56029.0,2258435.0,2522388.0,479782.0
1426,20160318,95963.0,644596.0,2217837.0,199385.0
1427,20160320,104386.0,100000.0,2435281.6666666665,310000.0
1428,20160321,112809.0,239912.0,2652726.3333333335,1359400.0
1429,20160322,196851.0,104463.0,2870171.0,639414.0
1430,20160323,91510.0,704018.0,3118988.0,74466.0
1431,20160324,65841.0,1102272.0,3017792.0,271821.0
1432,20160325,68532.5,772272.0,3248305.0,79001.0
1433,20160327,71224.0,466640.5,1300.0,513536.5
1434,20160328,73915.5,161009.0,2086275.0,948072.0
1435,20160329,76607.0,332212.0,2049011.0,242062.0
1436,20160330,165589.0,999502.0,1608952.0,68446.0
1437,20160331,149884.0,434983.0,4337073.0,1768799.0
1438,20160401,76599.0,123756.0,4430669.0,27080.0
1439,20160403,134778.5,61926.0,360.0,650459.5
1440,20160404,192958.0,96.0,2410281.0,1273839.0
1441,20160405,143339.0,2319227.0,3347234.0,362324.0
1442,20160406,61876.0,13495.0,1929089.0,57496.0
1443,20160407,114932.0,560672.0,3095202.0,297840.0
1444,20160408,79222.0,290320.0,3587450.0,20000.0
1445,20160410,54.0,355000.0,3031923.0,642640.0
1446,20160411,186737.0,657521.0,2476396.0,1265280.0
1447,20160412,99666.0,60766.0,2091971.0,324564.0
1448,20160413,74239.0,369938.0,2676902.0,47933.0
1449,20160414,129380.0,203750.0,2661703.0,550051.0
1450,20160415,184423.0,136603.0,3524004.0,120070.0
1451,20160416,39500.0,217844.6666666667,1762002.0,817156.3333333334
1452,20160417,72991.5,299086.3333333334,0.0,1514242.6666666667
1453,20160418,106483.0,380328.0,2427403.0,2211329.0
1454,20160419,47585.0,170335.0,2736492.0,646099.0
1455,20160420,89828.0,351149.0,2087734.0,26835.0
1456,20160421,196868.0,657321.0,3526926.0,629978.0
1457,20160422,241508.0,529740.0,2657165.0,41018.0
1458,20160425,1869.0,497358.0,2600138.0,1325219.0
1459,20160426,185046.0,347974.0,2509677.0,418602.0
1460,20160427,29686.0,377203.0,1471258.0,924288.0
1461,20160428,87885.0,498278.0,3525297.0,83364.0
1462,20160429,283004.0,699447.0,3182270.75,618374.0
1463,20160430,5466.0,200000.0,2839244.5,413049.3333333334
1464,20160501,1550.0,100002.5,2496218.25,207724.6666666667
1465,20160502,294921.0,5.0,2153192.0,2400.0
1466,20160503,336516.0,126220.0,1448194.6666666665,314445.0
1467,20160504,153974.0,287870.0,743197.3333333333,23369.0
1468,20160505,80287.0,540028.0,38200.0,493262.0
1469,20160506,149903.0,668494.0,2959498.0,3368800.0
1470,20160509,97848.0,841711.0,3529893.0,1557042.0
1471,20160510,57575.0,332009.0,4287421.0,990595.0
1472,20160511,34399.0,79445.0,2598111.0,104986.0
1473,20160512,111332.0,261155.0,2250767.0,222387.0
1474,20160513,135437.0,495223.0,3757218.0,292345.0
1475,20160515,226855.0,200000.0,3096263.0,1618845.0
1476,20160516,65893.0,214953.0,2435308.0,2945345.0
1477,20160517,117091.0,254582.0,1981512.0,521795.0
1478,20160518,55190.0,569472.0,2109172.0,44804.0
1479,20160519,40838.0,645657.0,2045128.0,70535.0
1480,20160520,148326.0,897050.0,3179913.0,505566.0
1481,20160522,556.0,1311636.5,0.0,1130235.0
1482,20160523,133783.0,1726223.0,4022199.0,1754904.0
1483,20160524,46182.0,461368.0,2267666.0,755694.0
1484,20160525,97081.0,303996.0,1958927.0,80545.0
1485,20160526,131586.0,102020.0,2614941.0,536282.0
1486,20160527,435300.0,103036.0,2710985.0,24926.0
1487,20160529,2488.0,359505.0,0.0,511836.0
1488,20160530,46848.0,615974.0,1560378.0,998746.0
1489,20160531,130913.0,283199.0,2692324.0,395705.0
1490,20160601,96495.0,489524.0,3524075.0,483705.0
1491,20160602,106009.0,1526302.0,2272422.0,247599.0
1492,20160603,119162.0,737960.0,3156676.0,12100.0
1493,20160605,550.0,100000.0,2731717.0,827582.5
1494,20160606,95065.0,79939.0,2306758.0,1643065.0
1495,20160607,62111.0,142322.0,3356930.0,246108.0
1496,20160608,129139.0,100007.0,3265436.0,101146.0
1497,20160609,67322.0,13472.0,2999290.0,273710.0
1498,20160610,120780.0,155300.0,2978008.0,7216.0
1499,20160612,63765.0,100000.0,2481264.0,319691.0
1500,20160613,6750.0,1072322.0,1984520.0,632166.0
1501,20160614,121082.0,93392.0,2682407.0,294681.0
1502,20160615,96835.0,308216.0,1621332.0,16681.0
1503,20160616,81780.0,112640.0,1926096.0,181120.0
1504,20160617,63566.0,404052.0,2619532.0,627515.0
1505,20160619,32705.0,100000.0,2809283.0,1118523.0
1506,20160620,68402.0,286138.0,2999034.0,1609531.0
1507,20160621,79678.0,436412.0,3278725.0,464300.0
1508,20160622,106318.0,322401.0,3070233.0,34055.0
1509,20160623,64449.0,730918.0,3481542.0,200030.0
1510,20160624,84063.0,194842.0,931539.0,21002.0
1511,20160625,42076.5,100000.0,465994.0,357781.6666666667
1512,20160626,90.0,188203.0,449.0,694561.3333333334
1513,20160627,125205.0,276406.0,4249015.0,1031341.0
1514,20160628,101739.0,90824.0,2233755.0,242010.0
1515,20160629,215849.0,1042506.0,1685899.0,24250.0
1516,20160630,28168.0,671569.0,6691231.0,1084000.0
1517,20160701,59813.0,270973.0,3855529.0,125127.0
1518,20160704,656551.0,1367161.0,3519124.0,1502108.0
1519,20160705,79058.0,129637.0,3515102.0,288555.0
1520,20160706,81905.0,437959.0,1542473.0,300000.0
1521,20160707,58835.0,1648599.0,2904465.0,323740.0
1522,20160708,152391.0,488063.0,3363591.0,3000.0
1523,20160710,30.0,50000.0,3039752.0,189126.0
1524,20160711,96328.0,301838.0,2715913.0,375252.0
1525,20160712,71130.0,315789.0,2695980.0,435476.0
1526,20160713,176401.0,673815.0,2057931.0,26540.0
1527,20160714,162932.0,1071438.0,4052446.0,210603.0
1528,20160715,55956.0,481032.0,2492986.0,11223.0
1529,20160717,3538.0,259817.5,1285495.5,502700.5
1530,20160718,160668.0,38603.0,78005.0,994178.0
1531,20160719,124062.0,215306.0,2481507.0,515220.0
1532,20160720,125977.0,1169093.0,2827943.0,226112.0
1533,20160721,160842.0,203455.0,3334865.0,142008.0
1534,20160722,120056.0,598172.0,3181511.0,64880.0
1535,20160724,5198.0,676634.5,846.0,1781595.0
1536,20160725,107874.0,755097.0,2917388.0,3498310.0
1537,20160726,71660.0,14794.0,3087819.0,284875.0
1538,20160727,55855.0,261340.0,2397152.0,190642.0
1539,20160728,122266.0,695163.0,2839396.0,259502.0
1540,20160729,79964.0,401638.0,3249150.0,5123457.0
1541,20160730,266.0,465092.0,1624577.0,3705602.0
1542,20160731,49481.0,528546.0,4.0,2287747.0
1543,20160801,112961.0,592000.0,3660818.0,869892.0
1544,20160802,123381.0,1214399.0,3253575.0,359031.0
1545,20160803,146056.0,572358.0,3523971.0,67085.0
1546,20160804,121898.0,139373.0,2180781.0,101821.0
1547,20160805,209804.0,548960.0,3724816.0,15000.0
1548,20160807,265.0,1210976.5,3065940.0,663112.0
1549,20160808,221148.0,1872993.0,2407064.0,1311224.0
1550,20160809,49405.0,70709.0,2175321.0,428670.0
1551,20160810,65110.0,1135553.0,1129944.0,79191.0
1552,20160811,83832.0,1334944.0,662721.0,242313.0
1553,20160812,94868.0,443627.0,195498.0,569167.0
1554,20160814,992.0,1140.0,323324.5,838287.5
1555,20160815,643488.0,614547.0,451151.0,1107408.0
1556,20160816,102303.0,86508.0,707336.0,519055.0
1557,20160817,202044.0,141957.0,2776266.0,30234.0
1558,20160818,96811.0,133361.0,3097899.0,226124.0
1559,20160819,37834.0,423430.0,3450553.0,120190.0
1560,20160821,188576.5,573197.5,3500543.5,42000.0
1561,20160822,339319.0,722965.0,3550534.0,1708954.0
1562,20160823,108217.0,626068.0,2138606.0,412966.0
1563,20160824,85345.0,344920.0,2015696.0,35450.0
1564,20160825,102034.0,568651.0,1776965.0,248505.0
1565,20160826,74288.0,185966.0,3157872.0,10084.0
1566,20160827,1000.0,200403.0,1578936.0,386323.3333333333
1567,20160828,891.0,214840.0,0.0,762562.6666666666
1568,20160829,177283.0,229277.0,2042602.0,1138802.0
1569,20160830,61758.0,208485.0,2294266.0,603502.0
1570,20160831,220376.0,697206.0,3642641.0,478821.0
1571,20160901,163810.0,332097.0,2826983.0,449740.0
1572,20160902,41133.0,527003.0,2702646.0,234.0
1573,20160903,250.0,584641.6666666666,2690484.0,317.0
1574,20160904,50763.5,642280.3333333334,2678322.0,400.0
1575,20160905,101277.0,699919.0,2666160.0,1064268.0
1576,20160906,55025.0,735689.0,2579742.0,238740.0
1577,20160907,115904.0,315988.0,2280733.0,361935.0
1578,20160908,83373.0,368405.0,2057783.0,180000.0
1579,20160909,75628.0,494220.0,3248364.0,7.0
1580,20160910,38814.0,200000.0,2826723.3333333335,74579.0
1581,20160911,2000.0,207780.0,2405082.6666666665,149151.0
1582,20160912,89680.0,215560.0,1983442.0,223723.0
1583,20160913,105372.0,243042.0,2956559.0,492623.0
1584,20160914,53963.0,133696.0,1684099.0,808488.0
1585,20160915,743690.0,62100.0,2625638.0,108500.0
1586,20160916,221674.0,319751.0,2523589.0,16230.0
1587,20160917,110841.0,577402.0,0.0,44115.0
1588,20160918,8.0,835053.0,722618.3333333334,72000.0
1589,20160919,90085.0,1092704.0,1445236.6666666667,192725.0
1590,20160920,85996.0,291143.0,2167855.0,108196.0
1591,20160921,64863.0,642171.0,4479813.0,30932.0
1592,20160922,77247.0,319900.0,3000.0,321915.0
1593,20160923,84349.0,83230.0,3837118.0,20148.0
1594,20160926,69122.0,1352917.0,2949058.0,944940.0
1595,20160927,81533.0,251579.0,2497357.0,964426.0
1596,20160928,69794.0,483396.0,2475559.0,50502.0
1597,20160929,173639.0,476024.0,3631649.0,655355.0
1598,20160930,99658.0,100151.0,5191010.0,854705.0
1599,20161002,5500.0,119827.5,200.0,890457.5
1600,20161003,48121.0,139504.0,3997306.0,926210.0
1601,20161004,70259.0,104843.0,3636120.0,546321.0
1602,20161005,65186.0,70182.0,2488809.0,52555.0
1603,20161006,139237.0,35521.0,2338420.0,368835.0
1604,20161007,56701.0,860.0,2307538.0,18600.0
1605,20161008,29350.5,335313.0,1539025.3333333335,9352.0
1606,20161009,2000.0,726778.0,770512.6666666667,104.0
1607,20161010,401592.0,1118243.0,2000.0,1497897.0
1608,20161011,56123.0,227246.0,4705130.0,249469.0
1609,20161012,81709.0,690059.0,3187976.0,25000.0
1610,20161013,147191.0,349439.0,2442922.0,32601.0
1611,20161014,73259.0,2713747.0,2814899.0,193043.0
1612,20161015,40659.5,24790.0,2561886.6666666665,97921.5
1613,20161016,8060.0,524005.0,2308874.3333333335,2800.0
1614,20161017,80571.0,1023220.0,2055862.0,1223844.0
1615,20161018,52296.0,176335.0,2376428.0,476205.0
1616,20161019,95836.0,368268.0,2411902.0,47075.0
1617,20161020,68848.0,998437.0,2745671.0,284505.0
1618,20161021,25050.0,211290.0,3580268.0,2829000.0
1619,20161024,80280.0,868405.0,2798746.0,1875852.0
1620,20161025,138050.0,826810.0,2719569.0,649051.0
1621,20161026,81578.0,481140.0,2748313.0,56000.0
1622,20161027,99632.0,401407.0,2246478.0,228026.0
1623,20161028,39281.0,65276.0,2421586.0,777051.0
1624,20161029,50.0,35138.0,1464406.0,867204.0
1625,20161030,20.0,5000.0,507226.0,957357.0
1626,20161031,68901.0,152416.0,2392063.0,595388.0
1627,20161101,18640.0,288928.0,4683177.0,156020.0
1628,20161102,142090.0,42874.0,3202673.0,67208.0
1629,20161103,65199.0,440386.0,148905.0,437200.0
1630,20161104,57749.0,106984.0,3709046.0,5174.0
1631,20161105,30624.5,79292.0,100000.0,444087.0
1632,20161106,3500.0,51600.0,344.0,883000.0
1633,20161107,127547.0,841112.0,3542079.0,320849.0
1634,20161108,127742.0,388428.0,3783277.0,136930.0
1635,20161109,186684.0,424694.0,3923499.0,7850.0
1636,20161110,101742.0,279894.0,3117845.0,337292.0
1637,20161111,173612.0,84133.0,2948344.0,96100.0
1638,20161113,36000.0,284273.5,12.0,1041068.0
1639,20161114,47778.0,484414.0,2269322.0,254783.0
1640,20161115,58672.0,316421.0,4251645.0,1141027.0
1641,20161116,78346.0,644937.0,2498183.0,180000.0
1642,20161117,114216.0,108131.0,2251401.0,321981.0
1643,20161118,243434.0,371926.0,3492322.0,7105.0
1644,20161119,184418.33333333334,188463.0,1748574.0,2000.0
1645,20161120,125402.66666666667,5000.0,4826.0,892000.0
1646,20161121,66387.0,455979.0,4392490.0,276873.0
1647,20161122,174059.0,475314.0,2497120.0,799514.0
1648,20161123,87710.0,982684.0,72.0,270610.0
1649,20161124,124414.0,1796704.0,3295166.0,109305.0
1650,20161125,134336.0,155575.0,2450020.0,30016.0
1651,20161127,111583.0,619193.0,0.0,890001.0
1652,20161128,88830.0,1082811.0,2728382.0,588184.0
1653,20161129,154579.0,210765.0,2747169.0,850367.0
1654,20161130,103963.0,411036.0,3462223.0,1558610.0
1655,20161201,156324.0,350309.0,4965021.0,770450.0
1656,20161202,56295.0,954804.0,4176690.0,207200.0
1657,20161204,4200.0,5100.0,0.0,880032.0
1658,20161205,114218.0,823652.0,2128220.0,184323.0
1659,20161206,87119.0,304496.0,2621283.0,454351.0
1660,20161207,84301.0,543759.0,3121944.0,11336.0
1661,20161208,100374.0,2004854.0,2720964.0,624385.0
1662,20161209,108518.0,506047.0,4586389.0,116020.0
1663,20161211,20.0,50000.0,3411590.0,145456.0
1664,20161212,124049.0,769739.0,2236791.0,174892.0
1665,20161213,46028.0,227029.0,5262901.0,298890.0
1666,20161214,124360.0,954443.0,2313318.0,208030.0
1667,20161215,143024.0,752893.0,3082613.0,82343.0
1668,20161216,61662.0,492840.0,1761674.0,441936.5
1669,20161218,109972.5,464240.5,0.0,801530.0
1670,20161219,158283.0,435641.0,3164532.0,87631.0
1671,20161220,81558.0,477967.0,2713394.0,205597.0
1672,20161221,133763.0,351298.0,4359040.0,22001.0
1673,20161222,72248.0,1072008.0,2904520.0,572400.0
1674,20161223,51321.0,318001.0,1.0,298341.0
1675,20161225,61562.5,214300.5,0.0,5.0
1676,20161226,71804.0,110600.0,3073044.0,444726.0
1677,20161227,82045.5,27000.0,1215751.0,431475.0
1678,20161228,92287.0,62910.0,2068312.0,609080.0
1679,20161229,102528.5,45185.0,139046.0,346256.0
1680,20161230,112770.0,0.0,139046.0,590180.0
